run,totalPassengers,totalWaitingTime,averageWaitingTime,maxWaitingTime,csTotalDepartures,csTotalDelays,csTotalDelayTime,csMaximumDelay,csAverageDelay,csPercentageOfDelays,csTotalJunctionWaitingTime,csAverageJunctionWaitingTime,csMaximumJunctionWaitingTime,csJunctionArrivals,prTotalDepartures,prTotalDelays,prTotalDelayTime,prMaximumDelay,prAverageDelay,prPercentageOfDelays,prTotalJunctionWaitingTime,prAverageJunctionWaitingTime,prMaximumJunctionWaitingTime,prJunctionArrivals
1,3356,350089,104,695,36,2,164,102,82,5.555556,7304,104,385,70,37,0,0,0,0,0.0,14523,210,765,69,
2,3429,360925,105,463,36,0,0,0,0,0.0,7046,99,360,71,37,0,0,0,0,0.0,14064,209,697,67,
3,3411,370369,108,549,36,2,234,137,117,5.555556,7526,106,407,71,36,0,0,0,0,0.0,15508,221,681,70,
4,3410,353403,103,489,36,0,0,0,0,0.0,6838,96,414,71,37,0,0,0,0,0.0,16718,242,644,69,
5,3267,337757,103,503,36,0,0,0,0,0.0,7785,108,466,72,37,0,0,0,0,0.0,15720,231,683,68,
6,3346,374832,112,482,36,5,524,160,104,13.888889,6233,86,516,72,37,0,0,0,0,0.0,14229,212,804,67,
7,3456,370508,107,557,36,2,182,111,91,5.555556,7359,103,469,71,37,0,0,0,0,0.0,15316,221,661,69,
8,3221,323205,100,392,36,0,0,0,0,0.0,8705,124,409,70,37,0,0,0,0,0.0,16453,241,690,68,
9,3350,337890,100,441,36,0,0,0,0,0.0,5800,82,388,70,37,0,0,0,0,0.0,15947,234,670,68,
10,3215,358512,111,614,35,1,221,221,221,2.857143,6707,98,385,68,37,0,0,0,0,0.0,17097,251,722,68,
11,3315,338781,102,382,36,0,0,0,0,0.0,6755,95,469,71,37,0,0,0,0,0.0,16898,244,763,69,
12,3170,323039,101,534,36,0,0,0,0,0.0,6397,92,472,69,37,0,0,0,0,0.0,15215,223,706,68,
13,3465,364646,105,522,36,1,95,95,95,2.777778,6834,94,399,72,37,0,0,0,0,0.0,16010,235,696,68,
14,3375,353990,104,517,36,2,164,102,82,5.555556,7617,108,416,70,37,0,0,0,0,0.0,15801,232,674,68,
15,3217,335445,104,414,36,1,71,71,71,2.777778,5603,81,404,69,37,0,0,0,0,0.0,14871,215,689,69,
16,3408,415401,121,633,36,21,3574,345,170,58.333332,9726,136,578,71,37,0,0,0,0,0.0,13212,191,750,69,
17,3307,347101,104,506,36,1,90,90,90,2.777778,7303,101,408,72,37,0,0,0,0,0.0,16559,239,717,69,
18,3433,361890,105,572,36,1,73,73,73,2.777778,7004,100,471,70,37,0,0,0,0,0.0,14385,211,769,68,
19,3374,356329,105,656,36,2,160,100,80,5.555556,6798,95,442,71,37,0,0,0,0,0.0,15641,226,660,69,
20,3383,382893,113,469,36,5,539,160,107,13.888889,8045,113,483,71,37,0,0,0,0,0.0,16850,244,714,69,
21,3431,358009,104,630,36,0,0,0,0,0.0,7992,112,385,71,37,0,0,0,0,0.0,16286,236,643,69,
22,3326,337082,101,448,36,0,0,0,0,0.0,7337,104,381,70,37,0,0,0,0,0.0,14612,211,737,69,
23,3279,346249,105,561,36,0,0,0,0,0.0,6991,99,407,70,37,0,0,0,0,0.0,16210,234,629,69,
24,3319,374780,112,581,35,2,194,117,97,5.714286,6241,89,501,70,37,0,0,0,0,0.0,15958,234,693,68,
25,3260,358865,110,578,36,4,504,176,126,11.111112,8740,124,492,70,37,0,0,0,0,0.0,14970,213,701,70,
26,3271,331213,101,473,36,1,77,77,77,2.777778,7044,97,385,72,37,0,0,0,0,0.0,15786,235,697,67,
27,3427,364859,106,494,36,0,0,0,0,0.0,6619,93,392,71,37,0,0,0,0,0.0,14497,204,622,71,
28,3307,342804,103,468,36,0,0,0,0,0.0,6901,97,392,71,37,0,0,0,0,0.0,16212,234,686,69,
29,3351,353205,105,668,36,0,0,0,0,0.0,8992,126,533,71,37,1,75,75,75,2.7027028,16663,241,706,69,
30,3383,347148,102,467,36,0,0,0,0,0.0,7477,105,402,71,37,0,0,0,0,0.0,17230,249,660,69,
31,3369,381324,113,570,36,5,533,163,106,13.888889,7008,100,427,70,37,0,0,0,0,0.0,15123,222,740,68,
32,3390,357986,105,640,36,0,0,0,0,0.0,8007,112,461,71,37,0,0,0,0,0.0,11982,178,636,67,
33,3434,366723,106,789,36,6,790,205,131,16.666668,7401,105,409,70,37,0,0,0,0,0.0,15168,223,665,68,
34,3366,352613,104,469,36,0,0,0,0,0.0,8154,114,477,71,37,0,0,0,0,0.0,15796,228,632,69,
35,3278,336968,102,420,36,0,0,0,0,0.0,7721,110,459,70,37,0,0,0,0,0.0,15744,228,695,69,
36,3290,334727,101,588,36,0,0,0,0,0.0,7004,98,472,71,37,0,0,0,0,0.0,16015,232,723,69,
37,3320,344425,103,619,36,0,0,0,0,0.0,8136,116,429,70,37,0,0,0,0,0.0,18076,265,735,68,
38,3282,373827,113,501,36,11,1561,259,141,30.555555,7974,113,587,70,37,0,0,0,0,0.0,14268,209,725,68,
39,3354,354786,105,525,37,4,440,160,110,10.810811,7906,108,497,73,37,0,0,0,0,0.0,16114,233,653,69,
40,3427,366313,106,497,36,5,515,160,103,13.888889,8762,121,448,72,37,0,0,0,0,0.0,13966,205,697,68,
41,3419,346408,101,636,36,0,0,0,0,0.0,8042,114,432,70,37,0,0,0,0,0.0,13861,203,632,68,
42,3306,344019,104,441,36,0,0,0,0,0.0,7901,111,440,71,37,0,0,0,0,0.0,15882,233,710,68,
43,3278,340118,103,618,36,0,0,0,0,0.0,7955,110,520,72,37,0,0,0,0,0.0,15738,228,679,69,
44,3387,342336,101,417,36,0,0,0,0,0.0,7458,106,442,70,37,0,0,0,0,0.0,15301,221,616,69,
45,3359,356037,105,534,36,1,90,90,90,2.777778,7690,109,458,70,37,0,0,0,0,0.0,14792,214,697,69,
46,3380,354548,104,548,36,1,80,80,80,2.777778,8344,115,489,72,37,0,0,0,0,0.0,14989,220,690,68,
47,3511,360182,102,405,36,0,0,0,0,0.0,8626,121,505,71,37,0,0,0,0,0.0,15988,235,713,68,
48,3242,370209,114,601,36,6,808,208,134,16.666668,8144,116,463,70,37,0,0,0,0,0.0,13811,203,718,68,
49,3471,419250,120,729,36,9,942,160,104,25.0,6851,95,512,72,37,1,95,95,95,2.7027028,13724,201,648,68,
50,3344,338275,101,501,36,0,0,0,0,0.0,7711,108,455,71,37,0,0,0,0,0.0,16575,243,731,68,
51,3423,371984,108,735,36,8,1200,245,150,22.222223,9223,126,500,73,37,0,0,0,0,0.0,14648,215,713,68,
52,3317,391487,118,670,36,14,2812,358,200,38.88889,8934,127,614,70,37,0,0,0,0,0.0,10295,153,583,67,
53,3341,365888,109,500,36,5,730,210,146,13.888889,8282,120,435,69,37,0,0,0,0,0.0,15704,230,726,68,
54,3462,365650,105,510,36,2,169,90,84,5.555556,7524,105,485,71,37,0,0,0,0,0.0,15625,226,675,69,
55,3321,337590,101,421,36,0,0,0,0,0.0,7642,109,460,70,37,0,0,0,0,0.0,18081,258,702,70,
56,3318,355979,107,714,36,6,640,180,106,16.666668,7742,109,499,71,37,0,0,0,0,0.0,15523,228,774,68,
57,3235,352847,109,745,36,4,440,160,110,11.111112,9106,130,540,70,37,0,0,0,0,0.0,15534,225,669,69,
58,3405,365588,107,511,36,4,440,160,110,11.111112,7748,110,382,70,37,0,0,0,0,0.0,15560,225,759,69,
59,3354,373389,111,588,36,4,440,160,110,11.111112,7682,106,396,72,37,0,0,0,0,0.0,16248,235,697,69,
60,3257,333996,102,509,36,0,0,0,0,0.0,8378,119,426,70,37,0,0,0,0,0.0,15113,222,690,68,
61,3264,361708,110,654,36,2,230,135,115,5.555556,8218,115,459,71,37,0,0,0,0,0.0,16404,237,652,69,
62,3457,362265,104,561,36,3,298,126,99,8.333334,5891,84,391,70,37,0,0,0,0,0.0,14919,216,663,69,
63,3393,365657,107,480,36,3,323,139,107,8.333334,8183,113,405,72,37,0,0,0,0,0.0,15123,222,711,68,
64,3508,356412,101,498,36,0,0,0,0,0.0,7040,99,453,71,37,0,0,0,0,0.0,16141,233,663,69,
65,3454,356125,103,559,36,0,0,0,0,0.0,8546,118,444,72,37,0,0,0,0,0.0,15899,237,745,67,
66,3325,368913,110,608,36,4,440,160,110,11.111112,8179,115,456,71,37,0,0,0,0,0.0,16287,239,695,68,
67,3370,348915,103,580,36,0,0,0,0,0.0,6572,92,383,71,37,0,0,0,0,0.0,15016,220,675,68,
68,3439,355549,103,415,36,4,448,162,112,11.111112,7246,102,449,71,37,0,0,0,0,0.0,16962,245,785,69,
69,3374,348559,103,450,36,0,0,0,0,0.0,8633,121,442,71,37,0,0,0,0,0.0,15718,231,718,68,
70,3337,363131,108,462,36,4,440,160,110,11.111112,6048,86,407,70,37,0,0,0,0,0.0,16648,244,707,68,
71,3427,379458,110,473,36,4,700,235,175,11.111112,6881,99,637,69,37,0,0,0,0,0.0,17079,247,688,69,
72,3356,343726,102,515,36,0,0,0,0,0.0,7100,100,382,71,37,0,0,0,0,0.0,14778,217,720,68,
73,3369,346025,102,518,36,0,0,0,0,0.0,8640,120,460,72,37,0,0,0,0,0.0,15054,224,633,67,
74,3401,379462,111,717,36,6,637,159,106,16.666668,7286,104,476,70,37,0,0,0,0,0.0,15962,234,750,68,
75,3422,356467,104,595,36,0,0,0,0,0.0,8207,113,502,72,37,0,0,0,0,0.0,13902,204,577,68,
76,3389,365604,107,489,36,5,522,160,104,13.888889,6775,95,509,71,37,0,0,0,0,0.0,13477,198,631,68,
77,3319,342459,103,592,36,0,0,0,0,0.0,7525,107,459,70,37,0,0,0,0,0.0,15119,222,680,68,
78,3352,341682,101,525,36,0,0,0,0,0.0,7927,111,442,71,37,0,0,0,0,0.0,16195,234,694,69,
79,3310,354580,107,729,36,4,440,160,110,11.111112,7418,104,382,71,37,0,0,0,0,0.0,15504,228,710,68,
80,3389,354676,104,482,36,1,61,61,61,2.777778,7785,109,452,71,37,0,0,0,0,0.0,16757,239,700,70,
81,3329,339604,102,483,36,0,0,0,0,0.0,7266,103,480,70,37,0,0,0,0,0.0,14747,216,622,68,
82,3437,353753,102,482,36,0,0,0,0,0.0,7591,108,452,70,37,0,0,0,0,0.0,15646,230,759,68,
83,3299,357926,108,693,35,1,225,225,225,2.857143,7794,114,440,68,37,0,0,0,0,0.0,16451,245,713,67,
84,3316,360508,108,566,36,6,826,211,137,16.666668,7356,106,437,69,37,0,0,0,0,0.0,15556,225,691,69,
85,3337,363157,108,536,36,5,685,201,137,13.888889,7323,106,409,69,37,0,0,0,0,0.0,16032,232,711,69,
86,3424,358911,104,606,37,7,894,182,127,18.918919,6588,89,466,74,37,0,0,0,0,0.0,14361,208,711,69,
87,3327,337495,101,506,36,0,0,0,0,0.0,8351,115,445,72,37,0,0,0,0,0.0,14627,211,624,69,
88,3366,356474,105,584,36,2,196,118,98,5.555556,6101,85,402,71,37,0,0,0,0,0.0,15775,228,694,69,
89,3413,357062,104,556,38,14,2686,349,191,36.842106,6995,97,645,72,37,10,1460,262,146,27.027025,12421,180,708,69,
90,3340,350265,104,486,36,3,351,157,117,8.333334,9180,127,508,72,37,0,0,0,0,0.0,13408,194,649,69,
91,3386,351282,103,440,36,0,0,0,0,0.0,7131,100,387,71,37,0,0,0,0,0.0,14151,205,690,69,
92,3360,348843,103,641,36,0,0,0,0,0.0,7445,104,416,71,37,0,0,0,0,0.0,15313,225,683,68,
93,3370,351007,104,563,36,1,76,76,76,2.777778,8238,116,453,71,37,0,0,0,0,0.0,16951,245,718,69,
94,3331,352372,105,576,36,0,0,0,0,0.0,7532,106,427,71,37,0,0,0,0,0.0,15446,227,681,68,
95,3427,372642,108,642,36,6,652,182,108,16.666668,8374,119,632,70,37,0,0,0,0,0.0,13896,204,653,68,
96,3446,377792,109,504,36,2,174,107,87,5.555556,6876,96,385,71,37,0,0,0,0,0.0,15667,230,712,68,
97,3488,362143,103,671,36,0,0,0,0,0.0,6888,98,423,70,37,0,0,0,0,0.0,13734,199,667,69,
98,3247,340979,105,401,36,1,84,84,84,2.777778,7598,108,418,70,37,0,0,0,0,0.0,14310,207,615,69,
99,3345,344462,102,539,36,0,0,0,0,0.0,8625,119,484,72,37,0,0,0,0,0.0,17008,246,750,69,
100,3388,363237,107,574,36,4,456,164,114,11.111112,7094,99,359,71,37,0,0,0,0,0.0,16639,244,784,68,
101,3314,342387,103,558,36,0,0,0,0,0.0,6879,96,387,71,37,0,0,0,0,0.0,15881,233,727,68,
102,3272,358569,109,519,36,4,440,160,110,11.111112,7350,106,390,69,37,0,0,0,0,0.0,16498,239,647,69,
103,3369,346164,102,560,36,0,0,0,0,0.0,7493,107,402,70,37,0,0,0,0,0.0,17258,250,755,69,
104,3274,323593,98,431,36,0,0,0,0,0.0,7345,102,396,72,37,0,0,0,0,0.0,15464,224,615,69,
105,3407,374524,109,451,36,2,178,109,89,5.555556,6670,95,384,70,37,0,0,0,0,0.0,15876,233,759,68,
106,3418,353470,103,441,36,0,0,0,0,0.0,8945,125,472,71,37,0,0,0,0,0.0,15754,228,707,69,
107,3407,391084,114,525,36,9,852,167,94,25.0,7115,100,494,71,37,0,0,0,0,0.0,15677,227,709,69,
108,3399,344833,101,488,36,0,0,0,0,0.0,7272,102,340,71,37,0,0,0,0,0.0,15245,220,720,69,
109,3476,357774,102,507,36,0,0,0,0,0.0,7829,108,385,72,37,0,0,0,0,0.0,15992,238,679,67,
110,3609,449507,124,739,36,20,3442,359,172,55.555557,10704,146,673,73,37,0,0,0,0,0.0,11531,169,605,68,
111,3346,342338,102,462,36,0,0,0,0,0.0,8280,118,428,70,37,0,0,0,0,0.0,14588,214,728,68,
112,3379,359467,106,642,36,3,243,111,81,8.333334,8013,114,492,70,37,0,0,0,0,0.0,14156,208,641,68,
113,3479,390742,112,634,36,5,447,116,89,13.888889,7240,101,508,71,37,0,0,0,0,0.0,14574,214,615,68,
114,3369,366577,108,482,36,4,440,160,110,11.111112,5978,85,450,70,37,0,0,0,0,0.0,16456,238,662,69,
115,3273,337118,102,445,36,0,0,0,0,0.0,7886,111,467,71,37,0,0,0,0,0.0,14598,214,701,68,
116,3377,355323,105,485,36,0,0,0,0,0.0,6970,99,371,70,37,0,0,0,0,0.0,14328,210,691,68,
117,3330,355274,106,690,36,0,0,0,0,0.0,8512,119,502,71,37,0,0,0,0,0.0,14576,214,701,68,
118,3471,353174,101,509,36,0,0,0,0,0.0,8233,115,405,71,37,0,0,0,0,0.0,15955,231,683,69,
119,3431,348806,101,524,36,0,0,0,0,0.0,8511,119,447,71,37,0,0,0,0,0.0,16954,249,762,68,
120,3425,358297,104,455,36,0,0,0,0,0.0,6119,87,360,70,37,0,0,0,0,0.0,16375,237,720,69,
121,3435,349486,101,480,36,1,75,75,75,2.777778,7988,114,399,70,37,0,0,0,0,0.0,16036,235,726,68,
122,3256,326163,100,484,36,0,0,0,0,0.0,8428,117,442,72,37,0,0,0,0,0.0,15949,231,751,69,
123,3344,382438,114,550,36,2,198,119,99,5.555556,5800,82,434,70,37,0,0,0,0,0.0,15404,220,641,70,
124,3383,347103,102,590,36,4,381,124,95,11.111112,7004,98,504,71,37,8,1072,229,134,21.621622,14729,213,707,69,
125,3462,354697,102,618,36,1,80,80,80,2.777778,6899,98,428,70,37,0,0,0,0,0.0,17840,258,766,69,
126,3233,370014,114,621,36,8,881,160,110,22.222223,7723,108,449,71,37,0,0,0,0,0.0,14102,204,612,69,
127,3311,360360,108,523,36,2,162,101,81,5.555556,6247,86,427,72,37,0,0,0,0,0.0,14608,214,629,68,
128,3423,354666,103,460,36,0,0,0,0,0.0,6546,92,453,71,37,0,0,0,0,0.0,15892,233,706,68,
129,3378,348406,103,581,36,0,0,0,0,0.0,6722,94,420,71,37,0,0,0,0,0.0,12981,190,666,68,
130,3412,342108,100,455,36,0,0,0,0,0.0,7932,111,452,71,37,0,0,0,0,0.0,15489,227,717,68,
131,3333,360585,108,574,36,1,90,90,90,2.777778,6583,92,482,71,37,0,0,0,0,0.0,14665,212,651,69,
132,3261,345438,105,577,36,4,440,160,110,11.111112,7502,107,354,70,37,0,0,0,0,0.0,16090,233,745,69,
133,3351,346119,103,633,36,0,0,0,0,0.0,6279,88,425,71,37,0,0,0,0,0.0,15992,231,739,69,
134,3289,348700,106,511,36,2,161,82,80,5.555556,7009,100,384,70,37,0,0,0,0,0.0,16084,236,712,68,
135,3360,341188,101,387,36,0,0,0,0,0.0,7079,99,408,71,37,0,0,0,0,0.0,16621,234,749,71,
136,3346,347346,103,530,36,0,0,0,0,0.0,7453,106,437,70,37,0,0,0,0,0.0,15284,221,730,69,
137,3487,356202,102,461,36,0,0,0,0,0.0,8075,113,477,71,37,0,0,0,0,0.0,14502,213,634,68,
138,3326,343760,103,498,36,0,0,0,0,0.0,6231,87,421,71,37,0,0,0,0,0.0,14444,212,662,68,
139,3370,346152,102,529,36,1,75,75,75,2.777778,8306,116,514,71,37,0,0,0,0,0.0,14608,211,606,69,
140,3395,360922,106,601,36,1,89,89,89,2.777778,7034,99,441,71,37,0,0,0,0,0.0,17104,251,711,68,
141,3355,352107,104,590,36,0,0,0,0,0.0,6150,86,445,71,37,0,0,0,0,0.0,14666,215,609,68,
142,3345,336208,100,469,36,0,0,0,0,0.0,6744,93,382,72,37,0,0,0,0,0.0,15474,224,683,69,
143,3314,340151,102,451,36,0,0,0,0,0.0,8243,116,512,71,37,0,0,0,0,0.0,16086,233,698,69,
144,3456,404234,116,730,36,10,1206,201,120,27.777779,8066,113,520,71,37,0,0,0,0,0.0,14325,210,774,68,
145,3386,349205,103,537,36,0,0,0,0,0.0,8234,115,443,71,37,0,0,0,0,0.0,15683,230,667,68,
146,3457,361731,104,605,36,0,0,0,0,0.0,7243,102,373,71,37,0,0,0,0,0.0,15644,230,691,68,
147,3327,343094,103,532,36,0,0,0,0,0.0,6527,93,484,70,37,0,0,0,0,0.0,14993,220,690,68,
148,3431,381926,111,555,36,5,508,160,101,13.888889,8578,119,376,72,37,0,0,0,0,0.0,14092,207,724,68,
149,3436,356878,103,401,36,1,89,89,89,2.777778,6806,95,409,71,37,0,0,0,0,0.0,16367,240,683,68,
150,3523,377500,107,617,36,4,530,185,132,11.111112,7567,108,448,70,37,0,0,0,0,0.0,16915,245,672,69,
151,3436,354159,103,461,36,1,99,99,99,2.777778,8094,112,425,72,37,0,0,0,0,0.0,16922,245,739,69,
152,3370,349011,103,464,36,0,0,0,0,0.0,8495,117,527,72,37,0,0,0,0,0.0,15008,224,772,67,
153,3410,361052,105,547,36,1,62,62,62,2.777778,7272,101,374,72,37,0,0,0,0,0.0,15312,221,679,69,
154,3374,433797,128,693,34,5,1536,523,307,14.705883,5720,86,443,66,37,0,0,0,0,0.0,16131,233,706,69,
155,3373,347060,102,412,36,0,0,0,0,0.0,9172,129,420,71,37,0,0,0,0,0.0,16558,243,698,68,
156,3361,340222,101,485,36,1,80,80,80,2.777778,8251,116,480,71,37,0,0,0,0,0.0,13993,202,777,69,
157,3430,406454,118,734,35,7,1610,335,230,20.0,7776,112,511,69,37,0,0,0,0,0.0,14984,220,688,68,
158,3461,393848,113,654,36,16,3304,384,206,44.444447,10496,145,662,72,37,0,0,0,0,0.0,12146,178,706,68,
159,3400,369229,108,470,36,2,214,127,107,5.555556,7360,103,452,71,37,0,0,0,0,0.0,14968,216,657,69,
160,3312,340655,102,474,36,0,0,0,0,0.0,7031,97,388,72,37,0,0,0,0,0.0,15520,224,648,69,
161,3405,353039,103,537,36,0,0,0,0,0.0,7977,110,411,72,37,0,0,0,0,0.0,15952,231,642,69,
162,3418,369677,108,526,36,2,175,101,87,5.555556,6991,97,462,72,37,0,0,0,0,0.0,15204,223,716,68,
163,3333,350957,105,514,36,5,566,160,113,13.888889,8235,115,517,71,37,0,0,0,0,0.0,15863,233,711,68,
164,3317,354036,106,461,36,0,0,0,0,0.0,7375,103,484,71,37,0,0,0,0,0.0,15939,234,754,68,
165,3404,376939,110,601,36,9,1174,231,130,25.0,7742,106,543,73,37,0,0,0,0,0.0,13731,199,657,69,
166,3270,338637,103,545,36,1,91,91,91,2.777778,6710,98,423,68,37,0,0,0,0,0.0,17104,251,752,68,
167,3340,348750,104,532,36,0,0,0,0,0.0,8168,116,493,70,37,0,0,0,0,0.0,13975,202,713,69,
168,3367,370188,109,756,36,10,1760,292,176,27.777779,8620,121,446,71,37,0,0,0,0,0.0,14157,205,643,69,
169,3300,337082,102,525,36,4,423,149,105,11.111112,7595,104,423,73,37,0,0,0,0,0.0,14536,213,683,68,
170,3327,350738,105,398,36,1,65,65,65,2.777778,7278,102,415,71,37,0,0,0,0,0.0,15767,228,658,69,
171,3419,350356,102,684,36,0,0,0,0,0.0,8305,116,464,71,37,0,0,0,0,0.0,16183,237,667,68,
172,3297,427212,129,676,36,16,2760,322,172,44.444447,8239,116,540,71,37,0,0,0,0,0.0,13638,197,633,69,
173,3440,354089,102,453,36,0,0,0,0,0.0,7447,103,400,72,37,0,0,0,0,0.0,16412,241,690,68,
174,3341,350783,104,560,36,0,0,0,0,0.0,7470,105,473,71,37,0,0,0,0,0.0,14349,211,642,68,
175,3460,352941,102,478,36,0,0,0,0,0.0,6921,97,368,71,37,0,0,0,0,0.0,16340,240,654,68,
176,3327,343569,103,425,36,0,0,0,0,0.0,8776,123,384,71,37,0,0,0,0,0.0,16053,232,668,69,
177,3431,371107,108,496,36,1,95,95,95,2.777778,7600,105,466,72,37,0,0,0,0,0.0,14631,215,676,68,
178,3433,351088,102,393,36,1,68,68,68,2.777778,7554,104,446,72,37,0,0,0,0,0.0,15990,235,725,68,
179,3378,345005,102,519,36,2,166,99,83,5.555556,6688,95,469,70,37,0,0,0,0,0.0,15158,222,698,68,
180,3353,353139,105,544,36,1,77,77,77,2.777778,7016,98,437,71,37,0,0,0,0,0.0,14319,207,660,69,
181,3334,359278,107,618,35,2,314,197,157,5.714286,7759,114,421,68,37,0,0,0,0,0.0,13711,201,621,68,
182,3454,368295,106,493,36,1,95,95,95,2.777778,6721,96,388,70,37,0,0,0,0,0.0,15438,223,745,69,
183,3379,344002,101,582,36,0,0,0,0,0.0,8356,116,534,72,37,0,0,0,0,0.0,12585,182,614,69,
184,3250,362907,111,614,36,10,1192,190,119,27.777779,6687,92,522,72,37,0,0,0,0,0.0,15621,229,726,68,
185,3311,339958,102,416,36,1,95,95,95,2.777778,8286,116,482,71,37,0,0,0,0,0.0,15111,222,695,68,
186,3510,370348,105,537,36,2,162,101,81,5.555556,5822,82,398,71,37,0,0,0,0,0.0,17024,250,650,68,
187,3351,351162,104,638,36,0,0,0,0,0.0,8047,111,445,72,37,1,76,76,76,2.7027028,15797,225,707,70,
188,3435,348761,101,543,36,0,0,0,0,0.0,7830,108,392,72,37,0,0,0,0,0.0,16080,236,659,68,
189,3269,337023,103,471,36,0,0,0,0,0.0,6353,89,383,71,37,0,0,0,0,0.0,14527,213,677,68,
190,3362,361088,107,440,36,1,91,91,91,2.777778,7104,101,404,70,37,0,0,0,0,0.0,13427,197,588,68,
191,3366,368148,109,501,36,4,440,160,110,11.111112,6801,95,445,71,37,0,0,0,0,0.0,13951,202,609,69,
192,3433,445945,129,889,36,19,3881,400,204,52.77778,8789,122,520,72,37,0,0,0,0,0.0,10760,155,623,69,
193,3515,380509,108,718,36,12,1654,260,137,33.333336,9419,127,581,74,37,1,91,91,91,2.7027028,11507,169,757,68,
194,3381,372522,110,447,36,4,440,160,110,11.111112,7275,101,436,72,37,0,0,0,0,0.0,13430,197,610,68,
195,3367,373799,111,513,36,4,440,160,110,11.111112,7350,105,416,70,37,0,0,0,0,0.0,16242,235,645,69,
196,3238,330974,102,427,36,0,0,0,0,0.0,9457,133,451,71,37,0,0,0,0,0.0,16567,243,763,68,
197,3409,352322,103,497,36,0,0,0,0,0.0,7091,99,376,71,37,0,0,0,0,0.0,14344,210,662,68,
198,3416,393294,115,629,36,10,1720,288,172,27.777779,9248,132,585,70,37,0,0,0,0,0.0,14153,205,670,69,
199,3386,351526,103,536,36,0,0,0,0,0.0,7621,107,440,71,37,0,0,0,0,0.0,15984,235,694,68,
200,3368,358106,106,542,37,12,1627,235,135,32.43243,8575,119,421,72,37,0,0,0,0,0.0,13935,201,709,69,
201,3331,379919,114,765,36,5,548,160,109,13.888889,7257,103,468,70,37,0,0,0,0,0.0,15103,218,696,69,
202,3290,341486,103,540,36,0,0,0,0,0.0,6930,97,423,71,37,0,0,0,0,0.0,16700,245,767,68,
203,3378,343948,101,440,36,0,0,0,0,0.0,8686,122,421,71,37,0,0,0,0,0.0,16285,236,684,69,
204,3366,475315,141,833,36,20,5740,507,287,55.555557,9851,140,636,70,37,0,0,0,0,0.0,11848,176,741,67,
205,3344,363074,108,491,36,3,336,152,112,8.333334,9477,133,506,71,37,0,0,0,0,0.0,16958,249,661,68,
206,3432,355288,103,464,36,0,0,0,0,0.0,7440,104,449,71,37,0,0,0,0,0.0,15429,226,736,68,
207,3242,343163,105,476,36,4,440,160,110,11.111112,6293,91,366,69,37,0,0,0,0,0.0,16505,242,646,68,
208,3457,365141,105,508,36,2,158,80,79,5.555556,7040,99,447,71,37,0,0,0,0,0.0,13637,200,749,68,
209,3383,377127,111,647,36,3,351,157,117,8.333334,8471,121,395,70,37,0,0,0,0,0.0,15259,224,669,68,
210,3352,355633,106,468,36,1,68,68,68,2.777778,6485,90,418,72,37,0,0,0,0,0.0,13846,197,635,70,
211,3506,355917,101,368,36,0,0,0,0,0.0,7649,107,463,71,37,0,0,0,0,0.0,17008,246,734,69,
212,3399,376359,110,543,36,6,754,199,125,16.666668,8923,125,469,71,37,0,0,0,0,0.0,15583,225,677,69,
213,3477,363016,104,610,36,0,0,0,0,0.0,6887,97,489,71,37,0,0,0,0,0.0,15411,226,657,68,
214,3394,377714,111,740,36,6,796,206,132,16.666668,9353,131,533,71,37,0,0,0,0,0.0,15417,223,650,69,
215,3345,341902,102,693,36,0,0,0,0,0.0,8207,113,379,72,37,0,0,0,0,0.0,15748,228,693,69,
216,3285,360601,109,483,36,4,440,160,110,11.111112,7553,107,464,70,37,0,0,0,0,0.0,15230,220,681,69,
217,3316,370503,111,527,36,7,1073,239,153,19.444445,8000,114,586,70,37,0,0,0,0,0.0,15933,230,712,69,
218,3409,372644,109,493,36,4,516,179,129,11.111112,7220,101,411,71,37,0,0,0,0,0.0,14500,210,688,69,
219,3250,336890,103,640,36,0,0,0,0,0.0,7924,113,374,70,37,0,0,0,0,0.0,16002,235,720,68,
220,3536,376221,106,438,36,0,0,0,0,0.0,7645,107,430,71,37,0,0,0,0,0.0,14223,206,650,69,
221,3345,342790,102,519,36,1,65,65,65,2.777778,7845,108,445,72,37,0,0,0,0,0.0,17387,255,708,68,
222,3474,371220,106,479,36,0,0,0,0,0.0,5765,81,378,71,37,0,0,0,0,0.0,15381,222,661,69,
223,3333,336670,101,553,36,0,0,0,0,0.0,7201,102,406,70,37,0,0,0,0,0.0,15436,223,721,69,
224,3379,350301,103,450,37,7,808,184,115,18.918919,9015,125,553,72,37,0,0,0,0,0.0,15887,230,623,69,
225,3519,367016,104,552,36,0,0,0,0,0.0,8939,124,421,72,37,0,0,0,0,0.0,15488,224,770,69,
226,3392,363411,107,555,36,6,874,219,145,16.666668,9282,130,462,71,37,0,0,0,0,0.0,15887,233,708,68,
227,3407,345637,101,465,36,0,0,0,0,0.0,8827,122,470,72,37,0,0,0,0,0.0,18047,265,710,68,
228,3318,343266,103,409,36,3,220,100,73,8.333334,8811,122,454,72,37,0,0,0,0,0.0,15687,230,680,68,
229,3478,371674,106,573,36,1,76,76,76,2.777778,6643,93,432,71,37,0,0,0,0,0.0,17048,247,643,69,
230,3395,349722,103,446,36,0,0,0,0,0.0,8698,124,406,70,37,0,0,0,0,0.0,16477,242,667,68,
231,3416,385034,112,499,36,6,652,182,108,16.666668,8068,113,556,71,37,0,0,0,0,0.0,14150,205,706,69,
232,3297,353127,107,601,36,3,368,163,122,8.333334,8508,119,462,71,37,0,0,0,0,0.0,14300,207,619,69,
233,3397,352698,103,729,36,0,0,0,0,0.0,7990,114,402,70,37,0,0,0,0,0.0,16192,234,719,69,
234,3426,350697,102,530,36,0,0,0,0,0.0,8223,117,465,70,37,0,0,0,0,0.0,15413,230,683,67,
235,3448,356528,103,463,36,0,0,0,0,0.0,6703,94,445,71,37,0,0,0,0,0.0,13658,203,661,67,
236,3435,353100,102,507,36,0,0,0,0,0.0,7677,108,432,71,37,0,0,0,0,0.0,14354,208,672,69,
237,3419,357884,104,469,36,4,440,160,110,11.111112,8520,120,443,71,37,0,0,0,0,0.0,15674,227,700,69,
238,3342,341433,102,508,36,0,0,0,0,0.0,7470,105,488,71,37,0,0,0,0,0.0,15976,231,692,69,
239,3503,363423,103,577,36,0,0,0,0,0.0,6927,97,379,71,37,0,0,0,0,0.0,14597,211,707,69,
240,3320,363832,109,659,36,3,339,153,113,8.333334,8064,115,479,70,37,0,0,0,0,0.0,15407,226,665,68,
241,3318,361441,108,464,35,0,0,0,0,0.0,7915,114,503,69,37,0,0,0,0,0.0,15567,225,689,69,
242,3344,379110,113,615,36,2,218,127,109,5.555556,6960,96,449,72,37,0,0,0,0,0.0,15642,226,692,69,
243,3321,359845,108,660,36,6,658,183,109,16.666668,7884,114,513,69,37,0,0,0,0,0.0,12835,186,642,69,
244,3282,332854,101,404,36,0,0,0,0,0.0,8707,120,439,72,37,0,0,0,0,0.0,16561,240,691,69,
245,3407,365895,107,593,36,2,172,96,86,5.555556,9306,129,485,72,37,0,0,0,0,0.0,14019,203,610,69,
246,3400,346764,101,378,36,0,0,0,0,0.0,6773,94,348,72,37,0,0,0,0,0.0,16175,237,719,68,
247,3399,364044,107,514,36,2,226,133,113,5.555556,8079,110,544,73,37,0,0,0,0,0.0,15474,224,659,69,
248,3401,346257,101,579,36,1,71,71,71,2.777778,7775,109,501,71,37,0,0,0,0,0.0,14244,209,714,68,
249,3503,357240,101,396,36,2,234,137,117,5.555556,8682,122,444,71,37,0,0,0,0,0.0,14419,208,747,69,
250,3328,353376,106,576,36,1,64,64,64,2.777778,8991,126,480,71,37,0,0,0,0,0.0,14737,216,628,68,
251,3391,348820,102,574,36,0,0,0,0,0.0,7668,108,416,71,37,0,0,0,0,0.0,15491,224,631,69,
252,3468,358375,103,487,37,4,476,169,119,10.810811,8646,120,459,72,37,0,0,0,0,0.0,14491,213,625,68,
253,3425,356857,104,585,36,0,0,0,0,0.0,8621,121,462,71,37,0,0,0,0,0.0,14497,210,712,69,
254,3470,362020,104,469,36,0,0,0,0,0.0,8466,120,540,70,37,0,0,0,0,0.0,15839,232,705,68,
255,3344,342431,102,406,36,0,0,0,0,0.0,7479,105,407,71,37,0,0,0,0,0.0,13607,203,601,67,
256,3390,345022,101,504,36,0,0,0,0,0.0,9042,127,433,71,37,0,0,0,0,0.0,16748,246,700,68,
257,3402,350323,102,618,36,0,0,0,0,0.0,8943,125,429,71,37,0,0,0,0,0.0,14017,206,623,68,
258,3341,351116,105,491,36,1,71,71,71,2.777778,8539,118,424,72,37,0,0,0,0,0.0,17753,261,761,68,
259,3329,351728,105,536,36,0,0,0,0,0.0,8827,124,494,71,37,0,0,0,0,0.0,17571,258,723,68,
260,3528,374909,106,563,36,2,180,97,90,5.555556,6427,89,381,72,37,0,0,0,0,0.0,15579,222,644,70,
261,3418,380006,111,597,36,6,826,211,137,16.666668,7840,110,509,71,37,0,0,0,0,0.0,12805,185,615,69,
262,3367,347105,103,476,36,0,0,0,0,0.0,6887,97,364,71,37,0,0,0,0,0.0,14216,206,652,69,
263,3538,400704,113,959,36,17,3397,384,199,47.22222,8482,116,551,73,37,0,0,0,0,0.0,11552,167,590,69,
264,3379,348059,103,563,36,0,0,0,0,0.0,8323,117,491,71,37,0,0,0,0,0.0,16432,238,675,69,
265,3385,352153,104,471,36,0,0,0,0,0.0,7642,107,463,71,37,0,0,0,0,0.0,15986,231,713,69,
266,3327,338328,101,673,36,0,0,0,0,0.0,7924,111,428,71,37,0,0,0,0,0.0,14325,210,651,68,
267,3389,349156,103,493,36,0,0,0,0,0.0,8783,123,501,71,37,0,0,0,0,0.0,15265,224,700,68,
268,3438,355699,103,434,36,0,0,0,0,0.0,8689,122,452,71,37,0,0,0,0,0.0,14702,216,663,68,
269,3373,366811,108,476,36,2,141,71,70,5.555556,5595,78,430,71,37,0,0,0,0,0.0,16981,242,715,70,
270,3395,349125,102,522,36,4,450,160,112,11.111112,8280,113,390,73,37,0,0,0,0,0.0,12507,181,646,69,
271,3346,378609,113,514,35,0,0,0,0,0.0,6306,90,437,70,37,0,0,0,0,0.0,17424,256,726,68,
272,3406,355806,104,546,36,0,0,0,0,0.0,8312,117,514,71,37,0,0,0,0,0.0,15713,231,658,68,
273,3547,427934,120,604,36,12,1984,302,165,33.333336,9238,130,510,71,37,0,0,0,0,0.0,16096,233,701,69,
274,3544,371316,104,407,36,5,595,176,119,13.888889,8661,118,409,73,37,0,0,0,0,0.0,14238,209,697,68,
275,3418,343713,100,467,36,0,0,0,0,0.0,8824,124,488,71,37,0,0,0,0,0.0,16661,245,750,68,
276,3474,393218,113,671,36,5,553,169,110,13.888889,8180,115,410,71,37,0,0,0,0,0.0,16927,248,693,68,
277,3410,400274,117,618,36,8,1104,233,138,22.222223,8192,113,561,72,37,0,0,0,0,0.0,14233,209,720,68,
278,3314,342239,103,494,36,0,0,0,0,0.0,7105,101,403,70,37,0,0,0,0,0.0,16352,240,719,68,
279,3503,370168,105,526,36,1,61,61,61,2.777778,7705,108,443,71,37,0,0,0,0,0.0,15781,228,721,69,
280,3436,350294,101,481,36,0,0,0,0,0.0,8899,125,485,71,37,0,0,0,0,0.0,15342,222,622,69,
281,3293,342936,104,603,36,0,0,0,0,0.0,7276,102,457,71,37,0,0,0,0,0.0,15975,234,643,68,
282,3411,350232,102,460,36,0,0,0,0,0.0,8549,120,439,71,37,0,0,0,0,0.0,16361,233,654,70,
283,3266,337098,103,608,36,0,0,0,0,0.0,7902,109,411,72,37,0,0,0,0,0.0,16071,236,776,68,
284,3413,387292,113,496,36,5,620,191,124,13.888889,8062,113,584,71,37,0,0,0,0,0.0,16325,236,670,69,
285,3325,416401,125,516,36,16,2594,277,162,44.444447,9063,133,566,68,37,0,0,0,0,0.0,15561,225,639,69,
286,3405,369613,108,430,36,4,440,160,110,11.111112,7566,106,458,71,37,0,0,0,0,0.0,15408,226,727,68,
287,3399,346694,101,485,37,9,1304,240,144,24.324326,7876,106,468,74,37,0,0,0,0,0.0,13322,193,681,69,
288,3443,355419,103,782,36,0,0,0,0,0.0,8311,120,441,69,37,0,0,0,0,0.0,14999,214,715,70,
289,3480,355449,102,485,36,0,0,0,0,0.0,8073,112,427,72,37,0,0,0,0,0.0,14633,218,589,67,
290,3283,361674,110,770,36,5,447,126,89,13.888889,6452,92,417,70,37,6,712,192,118,16.216215,14299,207,744,69,
291,3330,353651,106,577,36,0,0,0,0,0.0,8953,126,527,71,37,0,0,0,0,0.0,16824,243,705,69,
292,3295,358039,108,602,36,2,238,139,119,5.555556,8094,114,388,71,37,0,0,0,0,0.0,14728,216,745,68,
293,3355,367208,109,663,36,4,440,160,110,11.111112,8445,118,465,71,37,0,0,0,0,0.0,14338,207,680,69,
294,3473,372074,107,565,36,1,95,95,95,2.777778,7424,103,444,72,37,0,0,0,0,0.0,14765,213,633,69,
295,3440,355390,103,422,36,0,0,0,0,0.0,7376,103,403,71,37,0,0,0,0,0.0,17110,247,767,69,
296,3404,391007,114,610,36,4,476,169,119,11.111112,8688,122,475,71,37,0,0,0,0,0.0,13630,200,603,68,
297,3492,362793,103,514,36,0,0,0,0,0.0,8347,117,538,71,37,0,0,0,0,0.0,15187,223,689,68,
298,3384,347644,102,553,36,0,0,0,0,0.0,6658,95,384,70,37,0,0,0,0,0.0,14821,217,681,68,
299,3368,354241,105,583,36,0,0,0,0,0.0,6808,97,410,70,37,0,0,0,0,0.0,15314,221,682,69,
300,3342,366482,109,444,36,5,700,204,140,13.888889,7061,102,454,69,37,0,0,0,0,0.0,16165,234,694,69,
301,3437,378006,109,529,36,2,178,109,89,5.555556,9291,129,507,72,37,0,0,0,0,0.0,14187,208,676,68,
302,3285,356092,108,543,36,6,672,178,112,16.666668,7818,111,508,70,37,1,80,80,80,2.7027028,17344,244,737,71,
303,3420,347193,101,365,36,0,0,0,0,0.0,7245,100,374,72,37,0,0,0,0,0.0,15080,218,623,69,
304,3465,384280,110,788,36,2,166,103,83,5.555556,6749,95,468,71,37,0,0,0,0,0.0,17184,249,669,69,
305,3301,340886,103,585,36,1,60,60,60,2.777778,8445,118,406,71,37,0,0,0,0,0.0,14875,215,672,69,
306,3427,349604,102,484,36,0,0,0,0,0.0,8994,128,464,70,37,0,0,0,0,0.0,15459,224,686,69,
307,3305,337686,102,407,36,0,0,0,0,0.0,8776,123,495,71,37,1,63,63,63,2.7027028,15929,230,689,69,
308,3333,353660,106,537,36,1,96,96,96,2.777778,6087,88,380,69,37,0,0,0,0,0.0,15731,231,638,68,
309,3407,353527,103,489,36,0,0,0,0,0.0,7050,97,395,72,37,0,0,0,0,0.0,14980,223,665,67,
310,3319,402501,121,553,36,10,1600,276,160,27.777779,7662,107,517,71,37,0,0,0,0,0.0,14179,208,720,68,
311,3504,368101,105,438,37,4,440,160,110,10.810811,8260,116,538,71,37,0,0,0,0,0.0,12348,184,628,67,
312,3458,359531,103,605,36,1,80,80,80,2.777778,8120,114,484,71,37,0,0,0,0,0.0,13494,198,684,68,
313,3363,347263,103,507,36,1,76,76,76,2.777778,7496,104,413,72,37,0,0,0,0,0.0,15374,222,715,69,
314,3400,353470,103,663,36,0,0,0,0,0.0,6835,96,427,71,37,0,0,0,0,0.0,17264,250,732,69,
315,3411,346349,101,439,36,0,0,0,0,0.0,8607,121,416,71,37,0,0,0,0,0.0,17527,254,795,69,
316,3380,386358,114,860,35,6,1434,319,239,17.142859,7616,108,519,70,37,0,0,0,0,0.0,14403,211,669,68,
317,3393,372264,109,440,36,7,858,203,122,19.444445,8651,118,444,73,37,0,0,0,0,0.0,14413,205,645,70,
318,3435,352412,102,525,36,0,0,0,0,0.0,6625,93,416,71,37,0,0,0,0,0.0,14258,209,662,68,
319,3366,348350,103,477,36,0,0,0,0,0.0,7844,108,461,72,37,0,0,0,0,0.0,17591,254,711,69,
320,3265,335372,102,570,36,0,0,0,0,0.0,8405,120,458,70,37,0,0,0,0,0.0,15416,223,663,69,
321,3467,363157,104,453,36,0,0,0,0,0.0,7333,103,377,71,37,0,0,0,0,0.0,15983,231,682,69,
322,3342,348095,104,481,36,1,60,60,60,2.777778,8785,123,490,71,37,0,0,0,0,0.0,16680,241,705,69,
323,3397,352323,103,618,36,0,0,0,0,0.0,9596,133,486,72,37,0,0,0,0,0.0,16350,240,675,68,
324,3441,350909,101,463,36,0,0,0,0,0.0,7874,112,444,70,37,0,0,0,0,0.0,14912,219,649,68,
325,3282,336993,102,460,36,0,0,0,0,0.0,8619,119,454,72,37,0,0,0,0,0.0,14621,211,609,69,
326,3327,380147,114,519,36,4,440,160,110,11.111112,6648,93,407,71,37,1,92,92,92,2.7027028,13990,208,749,67,
327,3451,411166,119,515,36,11,1796,299,163,30.555555,9040,125,509,72,37,0,0,0,0,0.0,13102,192,716,68,
328,3314,339258,102,545,36,0,0,0,0,0.0,7947,110,410,72,37,0,0,0,0,0.0,15810,232,741,68,
329,3266,385173,117,558,36,9,1108,198,123,25.0,8032,114,413,70,37,0,0,0,0,0.0,15202,220,663,69,
330,3372,360372,106,616,36,2,160,100,80,5.555556,7866,110,442,71,37,0,0,0,0,0.0,14410,208,607,69,
331,3509,368088,104,477,36,6,748,198,124,16.666668,8632,119,447,72,37,0,0,0,0,0.0,14435,212,779,68,
332,3416,414369,121,672,36,6,680,178,113,16.666668,6878,98,381,70,37,0,0,0,0,0.0,15569,228,644,68,
333,3388,346241,102,465,36,0,0,0,0,0.0,8711,122,519,71,37,0,0,0,0,0.0,15069,218,679,69,
334,3379,366119,108,524,36,4,452,165,113,11.111112,7596,108,459,70,37,0,0,0,0,0.0,14538,213,697,68,
335,3413,344918,101,445,36,0,0,0,0,0.0,6600,92,415,71,37,0,0,0,0,0.0,15823,226,660,70,
336,3396,381655,112,644,36,5,500,160,100,13.888889,6062,84,488,72,37,0,0,0,0,0.0,15099,222,634,68,
337,3394,350443,103,584,36,0,0,0,0,0.0,7781,109,549,71,37,0,0,0,0,0.0,16092,233,682,69,
338,3388,359134,106,742,36,1,67,67,67,2.777778,7355,105,458,70,37,0,0,0,0,0.0,15177,223,667,68,
339,3382,381630,112,551,35,3,819,313,273,8.571429,7917,118,438,67,37,0,0,0,0,0.0,14966,220,706,68,
340,3355,353992,105,639,36,1,86,86,86,2.777778,7732,108,421,71,37,0,0,0,0,0.0,15200,223,685,68,
341,3334,334814,100,447,36,0,0,0,0,0.0,8639,121,475,71,37,0,0,0,0,0.0,14786,217,740,68,
342,3464,376884,108,420,36,4,440,160,110,11.111112,6875,96,406,71,37,0,0,0,0,0.0,13325,195,609,68,
343,3352,349687,104,543,36,1,97,97,97,2.777778,7291,101,401,72,37,6,832,212,138,16.216215,13366,190,689,70,
344,3341,353575,105,519,36,2,194,117,97,5.555556,8505,119,567,71,37,0,0,0,0,0.0,16937,245,730,69,
345,3331,487760,146,1000,34,12,5980,646,498,35.294117,10830,164,935,66,36,3,360,160,120,8.333334,13848,206,679,67,
346,3386,357775,105,435,36,1,91,91,91,2.777778,7088,99,415,71,37,0,0,0,0,0.0,13603,203,687,67,
347,3332,339951,102,584,36,0,0,0,0,0.0,8131,116,448,70,37,0,0,0,0,0.0,15475,227,675,68,
348,3376,346844,102,565,36,0,0,0,0,0.0,9188,131,516,70,37,0,0,0,0,0.0,15266,224,639,68,
349,3413,353220,103,386,37,4,440,160,110,10.810811,7749,107,424,72,37,0,0,0,0,0.0,12680,183,642,69,
350,3472,373424,107,547,37,12,1591,262,132,32.43243,7602,105,501,72,37,4,440,160,110,10.810811,12570,182,674,69,
351,3420,360238,105,519,36,4,325,110,81,11.111112,7375,103,402,71,37,0,0,0,0,0.0,14367,214,649,67,
352,3347,386977,115,571,36,6,742,197,123,16.666668,7826,108,477,72,37,0,0,0,0,0.0,16327,236,762,69,
353,3337,350951,105,547,36,0,0,0,0,0.0,6837,96,429,71,37,0,0,0,0,0.0,16863,244,660,69,
354,3353,350604,104,638,36,0,0,0,0,0.0,7800,109,515,71,37,0,0,0,0,0.0,15848,233,703,68,
355,3298,335158,101,436,36,0,0,0,0,0.0,7168,100,390,71,37,0,0,0,0,0.0,16067,236,720,68,
356,3341,341876,102,490,36,0,0,0,0,0.0,7550,106,486,71,37,0,0,0,0,0.0,16674,245,662,68,
357,3368,375406,111,1071,36,4,391,148,97,11.111112,6805,94,448,72,37,10,1430,224,143,27.027025,13238,197,667,67,
358,3378,358139,106,528,35,0,0,0,0,0.0,7045,102,460,69,37,0,0,0,0,0.0,16044,235,691,68,
359,3323,344816,103,434,36,0,0,0,0,0.0,7911,113,469,70,37,0,0,0,0,0.0,16464,235,676,70,
360,3488,393955,112,619,37,11,1274,199,115,29.72973,8974,122,438,73,37,0,0,0,0,0.0,12835,188,620,68,
361,3405,375399,110,533,36,7,699,160,99,19.444445,6284,88,401,71,37,0,0,0,0,0.0,14167,211,708,67,
362,3382,371470,109,641,36,8,981,203,122,22.222223,7215,101,396,71,37,0,0,0,0,0.0,15349,225,723,68,
363,3551,365419,102,515,36,1,81,81,81,2.777778,8561,120,460,71,37,0,0,0,0,0.0,15187,216,683,70,
364,3355,354598,105,613,36,0,0,0,0,0.0,6882,98,465,70,37,0,0,0,0,0.0,15970,231,710,69,
365,3403,350928,103,424,36,0,0,0,0,0.0,8585,119,470,72,37,0,0,0,0,0.0,16683,245,728,68,
366,3382,351472,103,533,36,0,0,0,0,0.0,7853,109,436,72,37,0,0,0,0,0.0,17242,253,727,68,
367,3496,401859,114,587,36,12,1547,227,128,33.333336,8356,116,430,72,37,0,0,0,0,0.0,15114,219,722,69,
368,3380,349385,103,615,36,0,0,0,0,0.0,7715,107,422,72,37,0,0,0,0,0.0,13373,191,693,70,
369,3416,354260,103,429,36,1,64,64,64,2.777778,7654,106,443,72,37,0,0,0,0,0.0,16103,233,645,69,
370,3295,352093,106,529,36,4,440,160,110,11.111112,5863,83,346,70,37,0,0,0,0,0.0,16096,236,695,68,
371,3309,350930,106,537,36,1,94,94,94,2.777778,8133,112,412,72,37,0,0,0,0,0.0,14621,211,676,69,
372,3309,367077,110,625,36,4,440,160,110,11.111112,7756,109,380,71,37,0,0,0,0,0.0,16251,238,712,68,
373,3397,342004,100,481,36,0,0,0,0,0.0,7754,109,407,71,37,0,0,0,0,0.0,15411,226,783,68,
374,3405,371413,109,659,36,2,228,134,114,5.555556,8068,115,481,70,37,2,166,103,83,5.4054055,12707,186,636,68,
375,3359,388858,115,596,36,10,1027,160,102,27.777779,7731,105,441,73,37,0,0,0,0,0.0,13210,194,593,68,
376,3431,347365,101,505,36,1,75,75,75,2.777778,8411,116,441,72,37,0,0,0,0,0.0,17647,255,770,69,
377,3340,344557,103,483,36,0,0,0,0,0.0,7852,110,444,71,37,0,0,0,0,0.0,14188,208,656,68,
378,3474,356264,102,564,36,0,0,0,0,0.0,8375,116,504,72,37,0,0,0,0,0.0,14983,220,670,68,
379,3344,338155,101,453,36,2,174,107,87,5.555556,7190,102,398,70,37,0,0,0,0,0.0,13059,189,551,69,
380,3357,358672,106,568,36,1,69,69,69,2.777778,8480,119,416,71,37,0,0,0,0,0.0,16004,231,619,69,
381,3362,349072,103,618,36,0,0,0,0,0.0,8594,119,431,72,37,0,0,0,0,0.0,16546,243,700,68,
382,3375,351021,104,435,36,0,0,0,0,0.0,7347,104,418,70,37,0,0,0,0,0.0,14244,209,624,68,
383,3273,357820,109,634,36,2,165,84,82,5.555556,7163,103,424,69,37,0,0,0,0,0.0,16295,239,712,68,
384,3403,388698,114,498,36,10,1450,261,145,27.777779,9029,127,593,71,37,0,0,0,0,0.0,13491,195,723,69,
385,3369,349330,103,415,36,0,0,0,0,0.0,9223,129,455,71,37,0,0,0,0,0.0,15925,227,737,70,
386,3321,341933,102,434,36,0,0,0,0,0.0,7129,100,391,71,37,0,0,0,0,0.0,16851,247,686,68,
387,3390,356113,105,533,36,8,1072,229,134,22.222223,7950,111,455,71,37,0,0,0,0,0.0,13602,200,658,68,
388,3494,364575,104,548,36,0,0,0,0,0.0,7965,110,402,72,37,0,0,0,0,0.0,15895,230,751,69,
389,3337,335708,100,364,37,4,402,148,100,10.810811,8126,114,463,71,37,0,0,0,0,0.0,14642,215,660,68,
390,3355,364135,108,484,36,11,1812,291,164,30.555555,8045,110,469,73,37,0,0,0,0,0.0,13922,204,716,68,
391,3431,354991,103,549,36,0,0,0,0,0.0,7879,110,448,71,37,0,0,0,0,0.0,17081,247,790,69,
392,3335,359296,107,512,36,1,64,64,64,2.777778,6525,93,447,70,37,0,0,0,0,0.0,15157,222,692,68,
393,3379,345118,102,548,36,0,0,0,0,0.0,6986,98,435,71,37,0,0,0,0,0.0,15305,225,649,68,
394,3423,352454,102,553,36,0,0,0,0,0.0,9081,126,491,72,37,0,0,0,0,0.0,16104,233,710,69,
395,3350,347309,103,460,36,0,0,0,0,0.0,8905,123,452,72,37,0,0,0,0,0.0,15699,230,724,68,
396,3474,360047,103,604,37,4,440,160,110,10.810811,7218,101,423,71,37,0,0,0,0,0.0,16094,236,678,68,
397,3406,363260,106,417,36,3,280,111,93,8.333334,7663,107,452,71,37,0,0,0,0,0.0,16575,243,789,68,
398,3324,338645,101,460,36,0,0,0,0,0.0,8234,117,502,70,37,0,0,0,0,0.0,15983,235,688,68,
399,3479,365091,104,666,36,0,0,0,0,0.0,6612,93,374,71,37,0,0,0,0,0.0,14812,217,672,68,
400,3438,353786,102,418,36,0,0,0,0,0.0,8818,124,430,71,37,0,0,0,0,0.0,18036,265,791,68,
401,3451,353109,102,423,36,0,0,0,0,0.0,8065,110,438,73,37,0,0,0,0,0.0,17803,247,706,72,
402,3389,341121,100,564,36,0,0,0,0,0.0,6880,98,408,70,37,0,0,0,0,0.0,16461,242,669,68,
403,3382,362101,107,591,36,3,327,149,109,8.333334,6870,95,387,72,37,2,190,115,95,5.4054055,12830,188,716,68,
404,3322,344792,103,387,36,0,0,0,0,0.0,8803,123,433,71,37,0,0,0,0,0.0,16360,237,676,69,
405,3379,409666,121,622,36,11,1408,217,128,30.555555,6681,94,517,71,37,0,0,0,0,0.0,12712,184,635,69,
406,3352,342314,102,559,36,0,0,0,0,0.0,7115,100,408,71,37,0,0,0,0,0.0,14414,211,694,68,
407,3336,360405,108,570,36,6,742,197,123,16.666668,8249,116,435,71,37,0,0,0,0,0.0,13443,197,598,68,
408,3397,383975,113,774,36,3,245,104,81,8.333334,6845,96,472,71,37,0,0,0,0,0.0,14020,203,702,69,
409,3333,360417,108,535,36,5,528,154,105,13.888889,8024,113,401,71,37,0,0,0,0,0.0,14277,209,593,68,
410,3428,350402,102,522,36,0,0,0,0,0.0,8044,113,443,71,37,0,0,0,0,0.0,16677,241,664,69,
411,3425,357310,104,675,36,2,186,113,93,5.555556,6956,97,458,71,37,0,0,0,0,0.0,14863,215,718,69,
412,3360,344714,102,688,38,14,2644,346,188,36.842106,8868,123,588,72,37,0,0,0,0,0.0,12852,183,699,70,
413,3276,370551,113,518,36,4,440,160,110,11.111112,7514,107,466,70,37,0,0,0,0,0.0,15918,230,664,69,
414,3303,336097,101,504,36,0,0,0,0,0.0,8657,121,478,71,37,0,0,0,0,0.0,16926,248,768,68,
415,3437,354929,103,530,36,0,0,0,0,0.0,7479,105,442,71,37,0,0,0,0,0.0,16139,237,727,68,
416,3310,361609,109,589,35,2,306,193,153,5.714286,6415,92,408,69,37,4,447,160,111,10.810811,16946,235,827,72,
417,3422,351441,102,477,36,1,71,71,71,2.777778,6693,94,328,71,37,0,0,0,0,0.0,14808,214,711,69,
418,3375,366334,108,625,36,1,93,93,93,2.777778,7468,105,426,71,37,0,0,0,0,0.0,15513,224,668,69,
419,3368,351112,104,620,36,1,68,68,68,2.777778,6602,92,368,71,37,0,0,0,0,0.0,17040,250,742,68,
420,3317,360545,108,793,36,0,0,0,0,0.0,6223,87,471,71,37,0,0,0,0,0.0,12173,179,681,68,
421,3330,365726,109,538,36,4,472,168,118,11.111112,8496,119,542,71,37,0,0,0,0,0.0,15291,224,654,68,
422,3374,351905,104,476,36,0,0,0,0,0.0,6851,96,365,71,37,0,0,0,0,0.0,17757,257,714,69,
423,3378,343374,101,570,36,0,0,0,0,0.0,7642,107,454,71,37,0,0,0,0,0.0,18248,264,729,69,
424,3326,347220,104,394,36,4,440,160,110,11.111112,6947,99,480,70,37,0,0,0,0,0.0,17122,251,710,68,
425,3371,348591,103,604,36,0,0,0,0,0.0,6105,85,368,71,37,0,0,0,0,0.0,15275,224,747,68,
426,3333,355030,106,606,36,3,290,131,96,8.333334,7918,113,483,70,37,0,0,0,0,0.0,16072,236,718,68,
427,3341,350961,105,567,36,1,81,81,81,2.777778,7192,102,406,70,37,0,0,0,0,0.0,15153,219,639,69,
428,3378,356274,105,576,36,2,174,107,87,5.555556,8109,112,444,72,37,0,0,0,0,0.0,17332,254,731,68,
429,3371,347883,103,544,36,0,0,0,0,0.0,7733,108,386,71,37,0,0,0,0,0.0,14909,219,692,68,
430,3291,361669,109,648,36,7,839,188,119,19.444445,7426,103,550,72,37,0,0,0,0,0.0,15067,221,659,68,
431,3432,347248,101,437,36,0,0,0,0,0.0,9043,127,419,71,37,0,0,0,0,0.0,14626,215,665,68,
432,3403,354848,104,464,36,0,0,0,0,0.0,7881,109,426,72,37,0,0,0,0,0.0,15839,229,708,69,
433,3416,348860,102,444,36,0,0,0,0,0.0,8132,114,457,71,37,0,0,0,0,0.0,14575,214,681,68,
434,3338,381919,114,549,37,18,2806,279,155,48.64865,10018,137,489,73,37,1,70,70,70,2.7027028,11179,162,635,69,
435,3349,381047,113,710,35,5,886,257,177,14.285715,8008,114,483,70,37,0,0,0,0,0.0,15752,228,757,69,
436,3414,348289,102,543,36,0,0,0,0,0.0,6764,96,380,70,37,0,0,0,0,0.0,15921,234,682,68,
437,3424,352684,103,504,36,0,0,0,0,0.0,6963,98,480,71,37,0,0,0,0,0.0,15418,226,664,68,
438,3362,352432,104,575,36,2,143,78,71,5.555556,6832,94,420,72,37,0,0,0,0,0.0,15058,218,754,69,
439,3453,362853,105,516,36,0,0,0,0,0.0,7359,103,399,71,38,6,838,213,139,15.789473,14973,210,701,71,
440,3321,337527,101,468,36,0,0,0,0,0.0,7120,100,402,71,37,0,0,0,0,0.0,14467,209,659,69,
441,3397,360295,106,585,36,1,79,79,79,2.777778,8230,115,495,71,37,0,0,0,0,0.0,15383,226,717,68,
442,3534,413834,117,664,35,4,440,160,110,11.428572,7836,115,477,68,37,0,0,0,0,0.0,15569,225,680,69,
443,3295,340545,103,657,36,0,0,0,0,0.0,6660,93,416,71,37,0,0,0,0,0.0,15774,231,673,68,
444,3522,365361,103,539,36,0,0,0,0,0.0,6916,96,421,72,37,0,0,0,0,0.0,14566,214,764,68,
445,3362,347405,103,541,36,0,0,0,0,0.0,7521,105,444,71,37,0,0,0,0,0.0,18376,266,725,69,
446,3417,349522,102,492,36,0,0,0,0,0.0,8054,113,446,71,37,0,0,0,0,0.0,15954,227,679,70,
447,3358,424166,126,967,36,20,5000,468,250,55.555557,10508,148,746,71,37,0,0,0,0,0.0,13052,189,565,69,
448,3366,343666,102,457,36,0,0,0,0,0.0,8640,121,457,71,37,0,0,0,0,0.0,16079,236,714,68,
449,3330,369724,111,526,36,6,858,223,143,16.666668,5515,78,385,70,37,0,0,0,0,0.0,15893,230,775,69,
450,3410,353399,103,727,36,0,0,0,0,0.0,7236,101,502,71,37,0,0,0,0,0.0,14919,219,641,68,
451,3356,360796,107,569,36,1,61,61,61,2.777778,7737,112,491,69,37,0,0,0,0,0.0,17015,246,664,69,
452,3451,345246,100,486,36,0,0,0,0,0.0,9241,128,468,72,37,0,0,0,0,0.0,14809,217,658,68,
453,3446,392683,113,526,36,7,758,160,108,19.444445,7080,99,419,71,37,0,0,0,0,0.0,12398,182,674,68,
454,3160,337279,106,494,36,6,850,215,141,16.666668,8086,112,483,72,37,0,0,0,0,0.0,15985,228,743,70,
455,3301,333927,101,624,36,0,0,0,0,0.0,7511,105,429,71,37,0,0,0,0,0.0,13173,193,655,68,
456,3348,347162,103,619,36,1,71,71,71,2.777778,7771,107,448,72,37,0,0,0,0,0.0,15088,218,632,69,
457,3339,342092,102,453,36,0,0,0,0,0.0,8862,124,493,71,37,0,0,0,0,0.0,14756,213,642,69,
458,3348,350252,104,605,37,4,376,144,94,10.810811,6956,96,415,72,37,1,91,91,91,2.7027028,13958,196,667,71,
459,3396,343222,101,532,36,0,0,0,0,0.0,7645,106,531,72,37,0,0,0,0,0.0,14077,210,715,67,
460,3294,337709,102,531,36,0,0,0,0,0.0,8346,117,487,71,37,0,0,0,0,0.0,15066,221,712,68,
461,3273,333536,101,548,37,8,1280,255,160,21.621622,8739,123,593,71,37,0,0,0,0,0.0,12923,187,683,69,
462,3286,340529,103,445,36,1,94,94,94,2.777778,8136,116,400,70,37,0,0,0,0,0.0,16325,236,711,69,
463,3283,354683,108,665,36,2,160,100,80,5.555556,6858,97,425,70,37,0,0,0,0,0.0,13805,200,667,69,
464,3336,342405,102,733,36,0,0,0,0,0.0,7063,100,410,70,37,0,0,0,0,0.0,15757,225,688,70,
465,3439,378706,110,611,36,3,312,134,104,8.333334,7460,105,425,71,37,0,0,0,0,0.0,13979,205,640,68,
466,3375,354099,104,611,36,1,74,74,74,2.777778,6318,88,406,71,37,0,0,0,0,0.0,16241,235,654,69,
467,3379,382985,113,535,36,3,245,104,81,8.333334,5394,78,371,69,37,0,0,0,0,0.0,13684,201,695,68,
468,3249,349197,107,725,36,3,287,131,95,8.333334,6203,88,417,70,37,2,162,101,81,5.4054055,14148,208,654,68,
469,3426,364882,106,493,36,4,415,156,103,11.111112,6005,82,447,73,37,0,0,0,0,0.0,16523,236,743,70,
470,3453,362338,104,555,36,0,0,0,0,0.0,8264,118,399,70,37,0,0,0,0,0.0,16128,237,681,68,
471,3420,355325,103,543,36,1,78,78,78,2.777778,7845,112,447,70,37,0,0,0,0,0.0,16442,241,683,68,
472,3458,362600,104,592,36,0,0,0,0,0.0,5990,84,469,71,37,0,0,0,0,0.0,14946,223,725,67,
473,3301,362486,109,404,36,3,307,159,102,8.333334,6449,93,439,69,37,0,0,0,0,0.0,16841,247,733,68,
474,3402,345295,101,450,36,0,0,0,0,0.0,8211,114,419,72,37,0,0,0,0,0.0,16129,237,744,68,
475,3312,396695,119,704,36,11,1922,302,174,30.555555,7129,101,496,70,36,2,202,133,101,5.555556,14006,205,682,68,
476,3297,375059,113,509,36,8,983,180,122,22.222223,7850,109,464,72,37,0,0,0,0,0.0,14740,213,674,69,
477,3501,359691,102,520,36,0,0,0,0,0.0,7963,113,492,70,37,0,0,0,0,0.0,14605,214,662,68,
478,3463,361369,104,472,36,1,74,74,74,2.777778,7587,106,395,71,37,0,0,0,0,0.0,15395,223,672,69,
479,3221,332402,103,490,36,0,0,0,0,0.0,6108,87,376,70,37,0,0,0,0,0.0,15787,232,707,68,
480,3331,345210,103,619,36,0,0,0,0,0.0,6613,94,371,70,37,0,0,0,0,0.0,14553,214,655,68,
481,3336,367517,110,521,36,3,287,128,95,8.333334,6908,98,353,70,37,0,0,0,0,0.0,14047,203,643,69,
482,3377,343733,101,469,36,0,0,0,0,0.0,8288,116,470,71,37,0,0,0,0,0.0,16284,239,706,68,
483,3358,351831,104,600,36,0,0,0,0,0.0,7679,106,512,72,37,0,0,0,0,0.0,15653,230,688,68,
484,3320,354863,106,527,36,7,706,181,100,19.444445,8010,112,536,71,37,0,0,0,0,0.0,14772,217,650,68,
485,3385,369072,109,541,36,4,440,160,110,11.111112,8592,121,482,71,37,0,0,0,0,0.0,15499,224,656,69,
486,3315,354925,107,518,36,1,86,86,86,2.777778,7894,111,460,71,37,0,0,0,0,0.0,16729,235,673,71,
487,3366,343000,101,476,36,0,0,0,0,0.0,7876,110,395,71,37,0,0,0,0,0.0,14237,209,694,68,
488,3436,378441,110,685,36,5,537,160,107,13.888889,8848,121,488,73,37,0,0,0,0,0.0,14348,211,618,68,
489,3403,349106,102,494,36,0,0,0,0,0.0,8579,120,465,71,37,0,0,0,0,0.0,15646,226,740,69,
490,3391,348182,102,470,36,0,0,0,0,0.0,8900,125,500,71,37,0,0,0,0,0.0,15698,227,679,69,
491,3331,355414,106,663,36,1,97,97,97,2.777778,7168,102,433,70,37,0,0,0,0,0.0,13028,194,699,67,
492,3377,346517,102,564,36,0,0,0,0,0.0,8205,115,449,71,37,0,0,0,0,0.0,15861,233,759,68,
493,3399,361451,106,612,36,2,174,107,87,5.555556,7126,101,409,70,37,0,0,0,0,0.0,16491,239,719,69,
494,3271,335107,102,407,36,0,0,0,0,0.0,7399,105,461,70,37,0,0,0,0,0.0,15905,230,686,69,
495,3399,380725,112,510,36,7,1028,247,146,19.444445,6556,93,420,70,37,0,0,0,0,0.0,16389,241,707,68,
496,3351,342614,102,482,36,0,0,0,0,0.0,7249,102,471,71,37,1,69,69,69,2.7027028,13579,196,653,69,
497,3388,362134,106,449,36,1,63,63,63,2.777778,7050,100,447,70,37,0,0,0,0,0.0,14023,206,636,68,
498,3328,339189,101,645,36,0,0,0,0,0.0,8675,120,423,72,37,0,0,0,0,0.0,15728,227,708,69,
499,3455,382702,110,429,36,5,506,160,101,13.888889,7848,112,442,70,37,0,0,0,0,0.0,15145,219,691,69,
500,3396,380056,111,616,36,4,440,160,110,11.111112,8020,111,409,72,37,0,0,0,0,0.0,13391,194,644,69,
501,3360,344042,102,403,36,0,0,0,0,0.0,9188,127,487,72,37,0,0,0,0,0.0,15867,229,786,69,
502,3278,336132,102,472,36,0,0,0,0,0.0,8357,119,482,70,37,0,0,0,0,0.0,13718,201,660,68,
503,3324,341666,102,446,36,0,0,0,0,0.0,8085,113,474,71,37,0,0,0,0,0.0,15674,230,652,68,
504,3344,375078,112,674,36,9,970,183,107,25.0,8854,124,449,71,37,0,0,0,0,0.0,14414,211,606,68,
505,3506,394150,112,643,36,3,262,99,87,8.333334,6712,94,382,71,37,0,0,0,0,0.0,15552,232,767,67,
506,3266,340245,104,540,36,0,0,0,0,0.0,7059,100,437,70,37,0,0,0,0,0.0,14448,209,675,69,
507,3421,352244,102,496,36,0,0,0,0,0.0,7286,102,452,71,37,0,0,0,0,0.0,14502,213,750,68,
508,3326,364343,109,502,36,4,440,160,110,11.111112,7483,106,548,70,37,0,0,0,0,0.0,14272,206,675,69,
509,3446,373399,108,449,36,3,351,157,117,8.333334,7754,109,499,71,37,0,0,0,0,0.0,15842,229,657,69,
510,3328,344565,103,463,36,1,92,92,92,2.777778,8584,122,487,70,37,0,0,0,0,0.0,16321,240,674,68,
511,3399,385057,113,550,36,4,444,161,111,11.111112,8184,115,505,71,37,0,0,0,0,0.0,15060,218,665,69,
512,3338,350656,105,479,36,0,0,0,0,0.0,7607,108,472,70,37,0,0,0,0,0.0,16474,242,688,68,
513,3432,375258,109,544,36,0,0,0,0,0.0,6628,94,473,70,37,0,0,0,0,0.0,13405,191,602,70,
514,3342,339305,101,479,37,11,1555,235,141,29.72973,7813,108,412,72,37,5,488,132,97,13.513513,12199,182,711,67,
515,3371,387524,114,619,36,6,862,217,143,16.666668,9190,129,582,71,37,0,0,0,0,0.0,14811,211,691,70,
516,3374,346302,102,646,37,14,2812,358,200,37.837837,8818,124,457,71,37,0,0,0,0,0.0,10047,143,668,70,
517,3330,378781,113,512,36,7,768,191,109,19.444445,6808,97,476,70,37,0,0,0,0,0.0,13957,199,646,70,
518,3439,356531,103,434,36,0,0,0,0,0.0,9340,131,466,71,37,0,0,0,0,0.0,15885,233,626,68,
519,3317,341660,103,664,36,0,0,0,0,0.0,7278,101,396,72,37,0,0,0,0,0.0,15223,220,699,69,
520,3439,360141,104,595,36,0,0,0,0,0.0,6998,97,447,72,37,0,0,0,0,0.0,15691,230,711,68,
521,3398,351644,103,506,36,0,0,0,0,0.0,7073,99,369,71,37,0,0,0,0,0.0,15055,218,671,69,
522,3414,350695,102,588,36,1,89,89,89,2.777778,7994,114,449,70,37,0,0,0,0,0.0,15172,223,689,68,
523,3404,365009,107,555,36,6,844,214,140,16.666668,8799,122,607,72,37,0,0,0,0,0.0,16683,238,696,70,
524,3399,352017,103,605,37,8,959,203,119,21.621622,7258,99,408,73,37,0,0,0,0,0.0,14954,219,766,68,
525,3394,351611,103,492,36,0,0,0,0,0.0,6818,94,440,72,37,0,0,0,0,0.0,17781,261,787,68,
526,3378,343623,101,541,36,0,0,0,0,0.0,7874,109,447,72,37,0,0,0,0,0.0,15956,231,643,69,
527,3296,372496,113,615,36,6,598,160,99,16.666668,6782,98,397,69,37,0,0,0,0,0.0,14844,218,771,68,
528,3373,351236,104,568,36,0,0,0,0,0.0,7985,112,492,71,37,0,0,0,0,0.0,15221,217,665,70,
529,3535,372221,105,527,36,3,236,90,78,8.333334,6845,95,454,72,37,0,0,0,0,0.0,15510,221,695,70,
530,3490,361744,103,545,36,0,0,0,0,0.0,6916,97,407,71,37,0,0,0,0,0.0,15470,224,732,69,
531,3460,356548,103,392,36,0,0,0,0,0.0,7159,102,443,70,37,0,0,0,0,0.0,17320,251,758,69,
532,3341,384353,115,498,36,8,880,160,110,22.222223,10084,138,485,73,37,0,0,0,0,0.0,15342,222,731,69,
533,3422,364520,106,531,36,1,61,61,61,2.777778,6691,94,410,71,37,0,0,0,0,0.0,14601,217,687,67,
534,3393,374964,110,609,36,4,496,174,124,11.111112,9061,127,510,71,37,0,0,0,0,0.0,16009,232,700,69,
535,3329,347447,104,529,36,0,0,0,0,0.0,7203,102,505,70,37,0,0,0,0,0.0,16624,240,711,69,
536,3409,351573,103,605,36,0,0,0,0,0.0,6708,95,384,70,37,0,0,0,0,0.0,14461,209,619,69,
537,3327,342118,102,400,36,0,0,0,0,0.0,7221,101,411,71,37,0,0,0,0,0.0,15146,222,614,68,
538,3325,359490,108,539,36,2,184,112,92,5.555556,7084,99,403,71,37,0,0,0,0,0.0,16389,237,677,69,
539,3445,354384,102,451,36,0,0,0,0,0.0,7659,107,441,71,37,0,0,0,0,0.0,15747,231,709,68,
540,3279,373563,113,525,36,6,742,197,123,16.666668,8661,123,494,70,37,0,0,0,0,0.0,14859,218,692,68,
541,3537,361733,102,461,36,0,0,0,0,0.0,7402,102,422,72,37,0,0,0,0,0.0,16539,243,725,68,
542,3282,340715,103,621,36,0,0,0,0,0.0,6492,92,433,70,37,0,0,0,0,0.0,16637,241,733,69,
543,3279,337540,102,448,36,0,0,0,0,0.0,6765,96,387,70,37,0,0,0,0,0.0,18368,270,782,68,
544,3407,356568,104,468,36,1,80,80,80,2.777778,5792,82,372,70,37,0,0,0,0,0.0,15443,223,812,69,
545,3305,335217,101,404,36,0,0,0,0,0.0,8061,111,413,72,37,0,0,0,0,0.0,14150,208,682,68,
546,3342,339412,101,507,36,0,0,0,0,0.0,8185,115,455,71,37,0,0,0,0,0.0,16610,240,644,69,
547,3375,340083,100,443,36,0,0,0,0,0.0,8643,120,517,72,37,0,0,0,0,0.0,17542,250,726,70,
548,3273,381329,116,500,36,10,1450,261,145,27.777779,10529,148,635,71,37,0,0,0,0,0.0,13548,196,621,69,
549,3331,338934,101,518,36,0,0,0,0,0.0,8015,112,453,71,37,0,0,0,0,0.0,14620,215,693,68,
550,3361,362474,107,580,36,6,747,169,124,16.666668,6490,91,414,71,37,0,0,0,0,0.0,13640,200,679,68,
551,3430,351701,102,477,36,0,0,0,0,0.0,8547,120,480,71,37,0,0,0,0,0.0,15448,227,707,68,
552,3306,346634,104,591,36,0,0,0,0,0.0,6767,95,461,71,37,0,0,0,0,0.0,15218,220,688,69,
553,3365,351251,104,474,36,2,142,81,71,5.555556,7481,106,459,70,37,0,0,0,0,0.0,15986,235,721,68,
554,3393,344604,101,707,36,0,0,0,0,0.0,7243,102,428,71,37,5,567,173,113,13.513513,13946,202,715,69,
555,3463,372839,107,509,36,2,204,122,102,5.555556,8419,116,566,72,37,0,0,0,0,0.0,16879,248,705,68,
556,3335,349677,104,468,36,1,67,67,67,2.777778,7133,100,381,71,37,0,0,0,0,0.0,15879,233,716,68,
557,3486,352403,101,447,36,0,0,0,0,0.0,9220,128,464,72,37,0,0,0,0,0.0,15085,221,633,68,
558,3368,337648,100,464,36,0,0,0,0,0.0,8220,114,466,72,37,0,0,0,0,0.0,15976,228,670,70,
559,3329,348353,104,719,36,2,216,128,108,5.555556,6849,97,456,70,37,0,0,0,0,0.0,16300,239,673,68,
560,3457,365924,105,390,36,2,134,71,67,5.555556,5526,77,349,71,37,0,0,0,0,0.0,15818,225,717,70,
561,3389,355575,104,481,36,0,0,0,0,0.0,6769,95,387,71,37,0,0,0,0,0.0,15068,224,630,67,
562,3420,369275,107,436,36,4,366,140,91,11.111112,7502,105,406,71,37,0,0,0,0,0.0,15043,224,730,67,
563,3532,362700,102,544,36,0,0,0,0,0.0,8476,117,396,72,37,0,0,0,0,0.0,17075,247,726,69,
564,3386,349570,103,524,36,0,0,0,0,0.0,7559,104,478,72,37,0,0,0,0,0.0,16838,244,701,69,
565,3347,336172,100,488,36,0,0,0,0,0.0,7925,111,407,71,37,0,0,0,0,0.0,16297,236,643,69,
566,3326,350133,105,455,36,4,440,160,110,11.111112,6305,90,432,70,37,0,0,0,0,0.0,17404,255,757,68,
567,3361,340988,101,471,36,0,0,0,0,0.0,6606,94,405,70,37,0,0,0,0,0.0,16438,234,717,70,
568,3476,373281,107,636,36,6,832,212,138,16.666668,8711,120,441,72,37,0,0,0,0,0.0,15088,221,643,68,
569,3360,353269,105,550,36,1,74,74,74,2.777778,7687,108,478,71,37,0,0,0,0,0.0,15138,219,711,69,
570,3405,347307,101,511,36,0,0,0,0,0.0,6089,86,441,70,37,0,0,0,0,0.0,15115,222,760,68,
571,3315,395106,119,540,36,11,1285,202,116,30.555555,7440,106,403,70,37,0,0,0,0,0.0,14948,219,668,68,
572,3331,354892,106,818,36,1,88,88,88,2.777778,7228,103,458,70,37,0,0,0,0,0.0,14621,211,663,69,
573,3266,359372,110,610,36,3,258,111,86,8.333334,8169,116,451,70,37,0,0,0,0,0.0,15414,223,680,69,
574,3371,342182,101,612,36,1,64,64,64,2.777778,6706,94,431,71,37,0,0,0,0,0.0,16961,253,670,67,
575,3358,370557,110,497,36,7,707,168,101,19.444445,6754,95,461,71,37,0,0,0,0,0.0,16865,244,675,69,
576,3509,356729,101,502,38,16,3416,391,213,42.105263,9724,131,507,74,37,4,440,160,110,10.810811,11385,167,629,68,
577,3386,349720,103,595,36,2,198,119,99,5.555556,5935,83,384,71,37,0,0,0,0,0.0,16671,241,722,69,
578,3343,353983,105,460,36,1,84,84,84,2.777778,8333,119,534,70,37,0,0,0,0,0.0,14961,220,645,68,
579,3458,365757,105,566,36,1,75,75,75,2.777778,7672,108,398,71,37,0,0,0,0,0.0,14332,210,671,68,
580,3303,370285,112,429,36,3,283,129,94,8.333334,4611,64,402,71,37,0,0,0,0,0.0,15552,225,688,69,
581,3398,346064,101,413,36,0,0,0,0,0.0,5826,82,385,71,37,0,0,0,0,0.0,15275,227,584,67,
582,3449,357695,103,500,37,4,440,160,110,10.810811,7497,104,447,72,37,0,0,0,0,0.0,14609,211,686,69,
583,3369,392243,116,840,36,8,1072,229,134,22.222223,7023,97,446,72,37,1,62,62,62,2.7027028,13070,192,626,68,
584,3229,340917,105,560,36,2,126,63,63,5.555556,7156,100,423,71,37,0,0,0,0,0.0,16495,242,679,68,
585,3314,365755,110,592,36,5,528,160,105,13.888889,6634,94,480,70,37,0,0,0,0,0.0,14852,218,663,68,
586,3235,337667,104,459,36,2,148,78,74,5.555556,6544,90,440,72,37,0,0,0,0,0.0,16979,249,705,68,
587,3356,346960,103,569,36,7,899,212,128,19.444445,7057,98,481,72,37,0,0,0,0,0.0,14480,212,690,68,
588,3396,350900,103,534,36,0,0,0,0,0.0,7264,100,420,72,37,0,0,0,0,0.0,15663,230,801,68,
589,3400,350718,103,729,36,0,0,0,0,0.0,7657,107,442,71,37,0,0,0,0,0.0,14392,208,674,69,
590,3306,341686,103,413,36,0,0,0,0,0.0,5625,79,422,71,37,0,0,0,0,0.0,14831,218,715,68,
591,3403,358000,105,643,36,0,0,0,0,0.0,7045,97,459,72,37,0,0,0,0,0.0,13962,202,707,69,
592,3412,362430,106,538,36,1,83,83,83,2.777778,9258,130,514,71,37,0,0,0,0,0.0,15161,216,683,70,
593,3347,344453,102,525,36,0,0,0,0,0.0,6975,98,396,71,37,0,0,0,0,0.0,16277,239,674,68,
594,3426,368085,107,624,36,1,116,116,116,2.777778,7009,97,478,72,37,0,0,0,0,0.0,16436,241,692,68,
595,3336,365229,109,434,36,3,338,155,112,8.333334,5683,78,330,72,37,0,0,0,0,0.0,15702,230,732,68,
596,3296,354215,107,565,36,5,494,133,98,13.888889,6874,98,436,70,37,0,0,0,0,0.0,17135,248,724,69,
597,3424,358169,104,392,36,0,0,0,0,0.0,7682,109,545,70,37,0,0,0,0,0.0,16984,246,714,69,
598,3407,361135,105,544,36,3,271,91,90,8.333334,7634,107,400,71,37,0,0,0,0,0.0,15886,233,674,68,
599,3344,347017,103,479,36,0,0,0,0,0.0,8458,117,533,72,37,0,0,0,0,0.0,15495,227,662,68,
600,3290,345957,105,631,36,4,468,167,117,11.111112,8001,115,492,69,37,0,0,0,0,0.0,13748,199,595,69,
601,3471,357819,103,537,36,0,0,0,0,0.0,6921,97,413,71,37,0,0,0,0,0.0,16450,241,658,68,
602,3468,363254,104,529,36,1,64,64,64,2.777778,5914,83,438,71,37,10,1720,288,172,27.027025,16727,238,699,70,
603,3445,356618,103,399,36,0,0,0,0,0.0,8071,112,477,72,37,0,0,0,0,0.0,16646,241,716,69,
604,3335,343113,102,594,36,0,0,0,0,0.0,8146,113,399,72,37,0,0,0,0,0.0,15562,225,716,69,
605,3351,354298,105,469,36,1,87,87,87,2.777778,6510,93,488,70,37,0,0,0,0,0.0,14366,208,669,69,
606,3413,349276,102,490,36,0,0,0,0,0.0,7290,102,455,71,37,0,0,0,0,0.0,15898,230,776,69,
607,3250,336195,103,518,36,0,0,0,0,0.0,7498,105,414,71,37,0,0,0,0,0.0,16461,242,739,68,
608,3364,362430,107,583,36,6,766,201,127,16.666668,9510,133,506,71,37,0,0,0,0,0.0,14585,214,651,68,
609,3298,333787,101,498,36,0,0,0,0,0.0,7199,101,459,71,37,0,0,0,0,0.0,14908,219,702,68,
610,3420,355373,103,490,36,0,0,0,0,0.0,7208,101,441,71,37,0,0,0,0,0.0,15479,231,694,67,
611,3365,402581,119,976,36,14,3036,374,216,38.88889,10784,149,620,72,37,0,0,0,0,0.0,11535,169,714,68,
612,3479,360367,103,441,36,0,0,0,0,0.0,7095,99,505,71,37,0,0,0,0,0.0,14384,211,666,68,
613,3394,393773,116,437,36,12,1628,242,135,33.333336,9190,131,492,70,37,0,0,0,0,0.0,13682,201,609,68,
614,3314,359210,108,702,36,8,1168,241,146,22.222223,8149,114,631,71,37,0,0,0,0,0.0,15334,219,703,70,
615,3370,352924,104,509,36,0,0,0,0,0.0,7116,98,436,72,37,0,0,0,0,0.0,14850,221,646,67,
616,3474,364888,105,507,36,1,78,78,78,2.777778,7084,99,428,71,37,0,0,0,0,0.0,17552,254,768,69,
617,3327,347068,104,673,37,4,440,160,110,10.810811,8852,121,447,73,37,0,0,0,0,0.0,15606,226,692,69,
618,3459,358983,103,574,36,0,0,0,0,0.0,7886,111,395,71,37,0,0,0,0,0.0,13866,206,668,67,
619,3257,394833,121,693,36,9,1000,177,111,25.0,7203,101,437,71,37,0,0,0,0,0.0,14695,209,756,70,
620,3343,339322,101,450,36,0,0,0,0,0.0,6675,95,396,70,37,0,0,0,0,0.0,13475,198,614,68,
621,3296,357477,108,514,36,1,68,68,68,2.777778,6174,88,403,70,37,0,0,0,0,0.0,16222,238,652,68,
622,3345,355803,106,584,36,0,0,0,0,0.0,7657,107,441,71,37,0,0,0,0,0.0,15016,217,706,69,
623,3435,358745,104,542,36,0,0,0,0,0.0,7174,99,453,72,37,0,0,0,0,0.0,16381,240,698,68,
624,3426,349384,101,521,36,0,0,0,0,0.0,7099,98,440,72,37,0,0,0,0,0.0,19107,280,741,68,
625,3283,414043,126,802,36,19,4378,437,230,52.77778,8661,125,644,69,37,0,0,0,0,0.0,12094,177,666,68,
626,3101,326376,105,933,35,1,60,60,60,2.857143,7679,112,440,68,37,0,0,0,0,0.0,14986,220,700,68,
627,3414,371375,108,464,36,2,178,109,89,5.555556,7894,109,444,72,37,0,0,0,0,0.0,15945,231,705,69,
628,3381,347996,102,517,36,0,0,0,0,0.0,7102,100,473,71,37,0,0,0,0,0.0,15791,232,694,68,
629,3390,350209,103,442,36,1,91,91,91,2.777778,7535,106,375,71,37,0,0,0,0,0.0,16605,240,656,69,
630,3416,361672,105,501,36,0,0,0,0,0.0,7191,101,475,71,37,0,0,0,0,0.0,14799,217,602,68,
631,3255,368475,113,574,36,8,1137,236,142,22.222223,8693,122,546,71,37,0,0,0,0,0.0,16011,232,688,69,
632,3416,352461,103,508,36,0,0,0,0,0.0,8855,124,484,71,37,0,0,0,0,0.0,14496,213,713,68,
633,3384,352860,104,571,36,1,68,68,68,2.777778,6409,90,366,71,37,0,0,0,0,0.0,16346,240,711,68,
634,3278,345349,105,548,36,1,60,60,60,2.777778,6851,97,401,70,37,0,0,0,0,0.0,16114,236,709,68,
635,3270,402310,123,696,36,13,1378,193,106,36.11111,7001,101,485,69,36,0,0,0,0,0.0,14154,205,664,69,
636,3367,354011,105,575,36,2,175,94,87,5.555556,7194,99,419,72,37,0,0,0,0,0.0,17014,246,771,69,
637,3374,355631,105,517,36,0,0,0,0,0.0,7300,102,418,71,37,0,0,0,0,0.0,15566,225,629,69,
638,3375,361192,107,495,36,1,81,81,81,2.777778,7515,105,382,71,37,0,0,0,0,0.0,12853,189,619,68,
639,3327,342172,102,474,36,0,0,0,0,0.0,8039,113,394,71,37,0,0,0,0,0.0,15010,220,736,68,
640,3413,350075,102,519,36,0,0,0,0,0.0,6871,96,417,71,37,0,0,0,0,0.0,14922,219,750,68,
641,3410,360916,105,527,36,0,0,0,0,0.0,6518,93,466,70,37,0,0,0,0,0.0,16954,249,659,68,
642,3350,341778,102,434,36,1,69,69,69,2.777778,8285,116,429,71,37,0,0,0,0,0.0,15488,227,746,68,
643,3311,349175,105,552,36,0,0,0,0,0.0,6829,96,418,71,37,0,0,0,0,0.0,13616,200,594,68,
644,3381,356006,105,599,36,0,0,0,0,0.0,8122,112,390,72,37,0,0,0,0,0.0,15521,221,774,70,
645,3248,359468,110,610,36,6,862,217,143,16.666668,7786,109,607,71,37,0,0,0,0,0.0,14180,208,669,68,
646,3434,354361,103,451,36,0,0,0,0,0.0,7715,108,370,71,37,0,0,0,0,0.0,15885,233,689,68,
647,3416,349587,102,499,36,0,0,0,0,0.0,7044,99,395,71,37,0,0,0,0,0.0,17135,248,655,69,
648,3421,372684,108,734,36,14,2738,348,195,38.88889,10263,140,678,73,37,0,0,0,0,0.0,12137,181,785,67,
649,3296,373325,113,430,36,6,606,160,101,16.666668,7887,112,536,70,37,0,0,0,0,0.0,17164,252,700,68,
650,3397,344989,101,573,36,0,0,0,0,0.0,6781,95,410,71,37,0,0,0,0,0.0,16011,228,739,70,
651,3282,373960,113,622,36,7,969,219,138,19.444445,6885,99,455,69,37,0,0,0,0,0.0,13453,197,603,68,
652,3462,379247,109,498,36,10,1540,270,154,27.777779,7358,103,439,71,37,0,0,0,0,0.0,14163,208,690,68,
653,3373,359232,106,576,36,2,216,128,108,5.555556,7053,99,457,71,37,0,0,0,0,0.0,16547,239,696,69,
654,3322,389318,117,768,36,14,1738,232,124,38.88889,7109,103,504,69,37,0,0,0,0,0.0,12830,180,589,71,
655,3252,353509,108,518,35,0,0,0,0,0.0,7721,113,430,68,37,0,0,0,0,0.0,14897,215,699,69,
656,3346,387946,115,477,36,8,1016,222,127,22.222223,9116,128,469,71,37,0,0,0,0,0.0,14756,217,708,68,
657,3341,342127,102,497,36,0,0,0,0,0.0,8588,120,431,71,37,0,0,0,0,0.0,15676,230,702,68,
658,3368,352562,104,438,36,1,76,76,76,2.777778,7935,113,449,70,37,0,0,0,0,0.0,16473,242,706,68,
659,3356,360152,107,555,36,0,0,0,0,0.0,7855,112,397,70,37,0,0,0,0,0.0,16611,237,716,70,
660,3464,386846,111,557,36,4,440,160,110,11.111112,8392,116,428,72,37,0,0,0,0,0.0,18349,265,728,69,
661,3444,378538,109,533,36,5,431,141,86,13.888889,8635,121,441,71,37,0,0,0,0,0.0,14586,214,642,68,
662,3432,350822,102,554,36,0,0,0,0,0.0,7338,101,401,72,37,0,0,0,0,0.0,14271,206,736,69,
663,3325,367327,110,633,36,1,84,84,84,2.777778,7354,103,443,71,37,0,0,0,0,0.0,13896,201,669,69,
664,3296,411491,124,783,35,6,1070,343,178,17.142859,6631,97,463,68,37,0,0,0,0,0.0,15073,221,653,68,
665,3366,367146,109,510,36,4,440,160,110,11.111112,8074,115,448,70,37,0,0,0,0,0.0,13350,193,651,69,
666,3492,359006,102,483,36,0,0,0,0,0.0,8383,119,508,70,37,0,0,0,0,0.0,13939,196,579,71,
667,3219,342196,106,457,36,1,92,92,92,2.777778,7071,101,392,70,37,0,0,0,0,0.0,15542,225,695,69,
668,3384,361499,106,440,36,2,181,92,90,5.555556,6805,93,403,73,37,0,0,0,0,0.0,14737,213,703,69,
669,3345,346841,103,495,36,0,0,0,0,0.0,7130,99,430,72,37,0,0,0,0,0.0,15247,220,681,69,
670,3471,382084,110,455,36,4,496,174,124,11.111112,7928,111,414,71,37,0,0,0,0,0.0,15448,227,688,68,
671,3407,398441,116,816,36,23,5250,422,228,63.88889,10842,148,558,73,37,0,0,0,0,0.0,10873,159,627,68,
672,3357,372645,111,483,36,4,399,147,99,11.111112,5460,78,401,70,37,0,0,0,0,0.0,16306,239,735,68,
673,3323,400977,120,702,36,10,1149,194,114,27.777779,6353,90,394,70,37,0,0,0,0,0.0,13767,199,625,69,
674,3429,349198,101,473,36,0,0,0,0,0.0,8148,113,405,72,37,0,0,0,0,0.0,16827,247,751,68,
675,3363,348330,103,593,36,0,0,0,0,0.0,6191,88,383,70,37,0,0,0,0,0.0,16252,239,715,68,
676,3382,371741,109,833,35,7,667,160,95,20.0,7069,99,451,71,37,0,0,0,0,0.0,15142,222,712,68,
677,3404,351280,103,596,36,0,0,0,0,0.0,8228,115,471,71,36,0,0,0,0,0.0,14181,205,742,69,
678,3318,376191,113,600,35,7,1450,279,207,20.0,7901,114,496,69,37,0,0,0,0,0.0,14218,206,720,69,
679,3430,376421,109,493,36,2,198,119,99,5.555556,7337,103,573,71,37,0,0,0,0,0.0,15953,231,634,69,
680,3338,342532,102,524,36,0,0,0,0,0.0,8122,114,425,71,37,0,0,0,0,0.0,15063,221,696,68,
681,3431,363742,106,554,36,0,0,0,0,0.0,8033,114,432,70,37,0,0,0,0,0.0,14011,206,656,68,
682,3322,349735,105,494,36,0,0,0,0,0.0,6635,93,361,71,37,0,0,0,0,0.0,15804,229,705,69,
683,3334,341184,102,488,36,0,0,0,0,0.0,8778,121,546,72,37,0,0,0,0,0.0,16409,241,720,68,
684,3437,362426,105,549,36,0,0,0,0,0.0,8085,113,540,71,37,0,0,0,0,0.0,14921,219,640,68,
685,3429,349153,101,413,36,0,0,0,0,0.0,7772,111,389,70,37,0,0,0,0,0.0,15893,230,746,69,
686,3453,357787,103,487,36,0,0,0,0,0.0,7803,109,424,71,37,0,0,0,0,0.0,14668,215,659,68,
687,3390,343330,101,420,36,0,0,0,0,0.0,8737,124,455,70,37,0,0,0,0,0.0,15795,228,672,69,
688,3339,349678,104,481,36,0,0,0,0,0.0,6077,85,379,71,37,0,0,0,0,0.0,14870,215,661,69,
689,3401,368835,108,508,36,8,1048,226,131,22.222223,8095,114,518,71,37,0,0,0,0,0.0,13899,204,633,68,
690,3474,364646,104,517,36,0,0,0,0,0.0,6671,92,416,72,37,0,0,0,0,0.0,17233,253,777,68,
691,3445,382714,111,610,36,5,523,149,104,13.888889,7127,100,411,71,37,0,0,0,0,0.0,15248,224,647,68,
692,3393,348960,102,390,36,0,0,0,0,0.0,7996,112,418,71,37,0,0,0,0,0.0,17293,250,701,69,
693,3358,350941,104,474,36,1,65,65,65,2.777778,7327,101,417,72,37,0,0,0,0,0.0,15765,231,724,68,
694,3338,365218,109,494,36,8,1296,257,162,22.222223,7385,104,516,71,37,0,0,0,0,0.0,13017,188,611,69,
695,3369,345759,102,503,36,0,0,0,0,0.0,7602,107,441,71,37,0,0,0,0,0.0,15777,228,804,69,
696,3380,341925,101,595,36,0,0,0,0,0.0,6694,92,348,72,37,0,0,0,0,0.0,17548,254,726,69,
697,3306,370214,111,669,36,4,374,122,93,11.111112,7164,99,413,72,37,0,0,0,0,0.0,15468,227,664,68,
698,3385,355818,105,503,36,0,0,0,0,0.0,7474,105,497,71,37,0,0,0,0,0.0,16542,243,729,68,
699,3407,352642,103,518,36,0,0,0,0,0.0,7269,102,393,71,37,0,0,0,0,0.0,15991,235,662,68,
700,3290,342186,104,514,36,1,83,83,83,2.777778,7272,102,466,71,37,0,0,0,0,0.0,14454,209,731,69,
701,3407,343743,100,562,36,0,0,0,0,0.0,8168,115,445,71,37,0,0,0,0,0.0,15860,233,725,68,
702,3384,350931,103,561,36,0,0,0,0,0.0,8852,126,565,70,37,0,0,0,0,0.0,15810,232,669,68,
703,3396,348413,102,477,36,0,0,0,0,0.0,6949,96,485,72,37,0,0,0,0,0.0,16888,248,735,68,
704,3412,347480,101,446,36,1,75,75,75,2.777778,8510,118,493,72,37,0,0,0,0,0.0,15473,227,679,68,
705,3421,355370,103,521,36,1,81,81,81,2.777778,7216,100,406,72,37,0,0,0,0,0.0,16613,240,753,69,
706,3362,403403,119,820,35,0,0,0,0,0.0,7434,109,438,68,37,0,0,0,0,0.0,15013,220,687,68,
707,3509,382109,108,565,36,3,251,106,83,8.333334,7490,107,397,70,37,0,0,0,0,0.0,13998,205,651,68,
708,3391,385572,113,697,36,10,1680,284,168,27.777779,7864,110,484,71,37,0,0,0,0,0.0,14823,217,778,68,
709,3238,377004,116,860,34,0,0,0,0,0.0,7745,117,431,66,37,0,0,0,0,0.0,16812,247,717,68,
710,3470,359694,103,590,36,0,0,0,0,0.0,7034,100,427,70,37,0,0,0,0,0.0,16248,238,720,68,
711,3413,347919,101,546,36,0,0,0,0,0.0,8082,112,422,72,37,0,0,0,0,0.0,14224,209,604,68,
712,3424,349932,102,456,37,6,736,196,122,16.216215,8989,124,522,72,37,0,0,0,0,0.0,14465,215,765,67,
713,3307,338005,102,678,36,0,0,0,0,0.0,8170,116,402,70,37,1,64,64,64,2.7027028,15388,226,723,68,
714,3445,360439,104,522,36,1,89,89,89,2.777778,8514,119,494,71,37,0,0,0,0,0.0,14681,215,687,68,
715,3329,367787,110,510,36,3,360,160,120,8.333334,6080,88,479,69,37,0,0,0,0,0.0,15850,233,676,68,
716,3461,376268,108,613,36,7,870,206,124,19.444445,7762,106,412,73,37,0,0,0,0,0.0,14655,215,749,68,
717,3431,351539,102,587,36,4,516,179,129,11.111112,8262,114,536,72,37,0,0,0,0,0.0,15066,218,658,69,
718,3356,431697,128,732,35,5,1228,378,245,14.285715,6959,103,440,67,37,0,0,0,0,0.0,15240,217,699,70,
719,3406,357230,104,491,36,1,61,61,61,2.777778,7421,104,399,71,37,0,0,0,0,0.0,15458,227,704,68,
720,3327,341222,102,478,36,0,0,0,0,0.0,8087,113,389,71,37,0,0,0,0,0.0,17099,247,753,69,
721,3372,344733,102,521,36,0,0,0,0,0.0,7341,104,470,70,37,0,0,0,0,0.0,16672,248,756,67,
722,3400,351451,103,399,36,0,0,0,0,0.0,8709,122,437,71,37,0,0,0,0,0.0,16871,244,668,69,
723,3395,349300,102,630,36,0,0,0,0,0.0,8690,122,466,71,37,0,0,0,0,0.0,14566,214,671,68,
724,3419,362718,106,585,36,1,117,117,117,2.777778,5605,78,469,71,37,0,0,0,0,0.0,15887,233,722,68,
725,3353,368559,109,535,36,6,826,211,137,16.666668,8760,121,552,72,37,0,0,0,0,0.0,14322,207,661,69,
726,3327,348232,104,479,36,0,0,0,0,0.0,7942,115,508,69,37,0,0,0,0,0.0,14162,205,615,69,
727,3321,360213,108,507,36,4,440,160,110,11.111112,7163,102,346,70,37,0,0,0,0,0.0,15574,232,727,67,
728,3339,349696,104,596,36,0,0,0,0,0.0,6164,86,407,71,37,0,0,0,0,0.0,16354,240,765,68,
729,3389,377099,111,632,36,8,1144,238,143,22.222223,8789,123,554,71,37,0,0,0,0,0.0,15914,227,651,70,
730,3345,354957,106,667,36,0,0,0,0,0.0,6816,97,372,70,37,0,0,0,0,0.0,14845,212,710,70,
731,3446,371355,107,629,36,1,81,81,81,2.777778,8044,113,441,71,37,0,0,0,0,0.0,14081,204,657,69,
732,3327,342173,102,501,36,0,0,0,0,0.0,6719,95,433,70,37,0,0,0,0,0.0,15758,231,660,68,
733,3411,373587,109,594,36,4,440,160,110,11.111112,8341,117,544,71,37,0,0,0,0,0.0,15933,230,686,69,
734,3418,369529,108,725,36,2,214,127,107,5.555556,7493,105,454,71,37,0,0,0,0,0.0,14792,214,715,69,
735,3449,363357,105,709,36,2,160,100,80,5.555556,6294,88,375,71,37,0,0,0,0,0.0,15287,221,703,69,
736,3378,364166,107,438,36,1,72,72,72,2.777778,6813,95,522,71,37,0,0,0,0,0.0,16208,234,703,69,
737,3372,367029,108,430,36,5,655,195,131,13.888889,6530,93,463,70,37,0,0,0,0,0.0,17335,254,672,68,
738,3391,417963,123,1153,34,0,0,0,0,0.0,7281,108,460,67,35,10,3900,510,390,28.57143,16897,252,911,67,
739,3381,368046,108,547,36,2,190,115,95,5.555556,7630,109,469,70,37,0,0,0,0,0.0,14975,217,710,69,
740,3353,369331,110,535,36,9,1092,164,121,25.0,7820,113,490,69,37,0,0,0,0,0.0,12098,177,703,68,
741,3449,349707,101,484,36,0,0,0,0,0.0,6283,87,397,72,37,0,0,0,0,0.0,16243,238,661,68,
742,3362,381627,113,599,36,5,530,152,106,13.888889,7664,109,454,70,37,0,0,0,0,0.0,14668,218,715,67,
743,3392,352101,103,670,36,0,0,0,0,0.0,6311,87,447,72,37,1,91,91,91,2.7027028,14708,213,607,69,
744,3385,340811,100,451,36,0,0,0,0,0.0,7451,104,446,71,37,0,0,0,0,0.0,15960,234,725,68,
745,3503,381893,109,644,36,0,0,0,0,0.0,7433,104,447,71,37,0,0,0,0,0.0,15429,226,634,68,
746,3270,366045,111,575,35,0,0,0,0,0.0,8018,116,486,69,37,0,0,0,0,0.0,15914,234,690,68,
747,3422,382617,111,663,36,4,440,160,110,11.111112,7086,99,419,71,37,1,77,77,77,2.7027028,14367,205,649,70,
748,3332,355042,106,490,36,1,93,93,93,2.777778,6791,97,453,70,37,0,0,0,0,0.0,15971,234,653,68,
749,3420,359885,105,533,36,0,0,0,0,0.0,7736,108,508,71,37,0,0,0,0,0.0,15217,220,671,69,
750,3450,367974,106,484,36,5,574,177,114,13.888889,7568,106,443,71,37,0,0,0,0,0.0,14155,205,645,69,
751,3350,357341,106,652,36,3,333,151,111,8.333334,7336,101,476,72,37,0,0,0,0,0.0,14332,213,655,67,
752,3248,351950,108,457,36,2,194,117,97,5.555556,7437,104,409,71,37,0,0,0,0,0.0,14905,219,740,68,
753,3361,343497,102,399,36,0,0,0,0,0.0,8416,118,398,71,37,0,0,0,0,0.0,14155,205,656,69,
754,3332,383508,115,519,36,7,875,203,125,19.444445,8160,113,462,72,37,0,0,0,0,0.0,15691,224,825,70,
755,3213,328675,102,421,36,0,0,0,0,0.0,7653,109,495,70,37,0,0,0,0,0.0,16601,240,755,69,
756,3397,351839,103,517,36,0,0,0,0,0.0,6752,95,413,71,37,0,0,0,0,0.0,15401,223,634,69,
757,3378,381539,112,658,36,3,315,145,105,8.333334,7448,104,409,71,37,0,0,0,0,0.0,16710,238,704,70,
758,3463,367724,106,535,36,6,664,184,110,16.666668,9013,126,497,71,37,0,0,0,0,0.0,14743,216,690,68,
759,3353,335534,100,466,36,1,98,98,98,2.777778,7140,100,393,71,37,0,0,0,0,0.0,15392,226,682,68,
760,3326,344258,103,536,36,1,83,83,83,2.777778,7448,104,450,71,37,0,0,0,0,0.0,15360,222,655,69,
761,3323,367315,110,601,36,1,78,78,78,2.777778,8220,119,422,69,37,0,0,0,0,0.0,14129,207,633,68,
762,3399,358156,105,543,36,6,670,185,111,16.666668,7995,109,429,73,37,0,0,0,0,0.0,15902,233,653,68,
763,3383,352168,104,598,36,0,0,0,0,0.0,7928,111,481,71,37,0,0,0,0,0.0,17408,248,696,70,
764,3437,359005,104,453,36,1,68,68,68,2.777778,6877,96,421,71,37,0,0,0,0,0.0,16675,245,726,68,
765,3352,357859,106,502,36,1,75,75,75,2.777778,7179,101,418,71,37,0,0,0,0,0.0,14954,213,678,70,
766,3276,359443,109,533,36,6,874,219,145,16.666668,7734,108,574,71,37,0,0,0,0,0.0,16886,248,779,68,
767,3325,353524,106,512,36,2,143,78,71,5.555556,6981,98,462,71,37,0,0,0,0,0.0,16290,236,717,69,
768,3362,370157,110,514,36,4,440,160,110,11.111112,7381,102,434,72,37,0,0,0,0,0.0,16233,238,771,68,
769,3399,360565,106,422,36,2,180,110,90,5.555556,7306,102,394,71,37,0,0,0,0,0.0,17534,254,813,69,
770,3353,341506,101,667,36,0,0,0,0,0.0,7009,98,514,71,37,0,0,0,0,0.0,15216,223,667,68,
771,3457,389143,112,479,36,6,543,151,90,16.666668,6989,99,414,70,37,0,0,0,0,0.0,15804,229,722,69,
772,3246,359699,110,627,36,4,496,174,124,11.111112,7909,114,498,69,37,0,0,0,0,0.0,14668,215,663,68,
773,3342,356557,106,532,36,1,68,68,68,2.777778,7850,110,414,71,37,0,0,0,0,0.0,16208,238,726,68,
774,3436,355050,103,568,36,1,63,63,63,2.777778,7782,108,491,72,37,0,0,0,0,0.0,12991,191,601,68,
775,3386,344441,101,476,36,0,0,0,0,0.0,8202,117,397,70,37,0,0,0,0,0.0,15434,223,723,69,
776,3346,395848,118,631,36,8,1264,253,158,22.222223,7642,106,460,72,37,0,0,0,0,0.0,14607,211,625,69,
777,3373,376751,111,487,36,3,330,150,110,8.333334,8926,125,611,71,37,0,0,0,0,0.0,15515,228,703,68,
778,3310,342073,103,599,36,0,0,0,0,0.0,7503,105,384,71,37,0,0,0,0,0.0,16305,232,736,70,
779,3435,356602,103,550,36,0,0,0,0,0.0,7770,109,449,71,37,0,0,0,0,0.0,15254,224,721,68,
780,3529,380087,107,453,36,4,538,190,134,11.111112,6063,86,401,70,37,0,0,0,0,0.0,15411,223,562,69,
781,3344,378629,113,780,36,5,506,160,101,13.888889,7446,103,542,72,37,0,0,0,0,0.0,16308,239,725,68,
782,3392,347765,102,405,36,0,0,0,0,0.0,7745,110,464,70,37,0,0,0,0,0.0,15915,230,736,69,
783,3421,457186,133,876,36,19,3626,386,190,52.77778,8307,120,553,69,37,0,0,0,0,0.0,11345,166,611,68,
784,3378,343631,101,523,36,0,0,0,0,0.0,8119,114,416,71,37,0,0,0,0,0.0,14046,206,722,68,
785,3312,343472,103,575,36,0,0,0,0,0.0,7366,103,449,71,37,0,0,0,0,0.0,16221,238,674,68,
786,3364,360807,107,573,38,22,4220,397,191,57.894737,10671,146,657,73,37,0,0,0,0,0.0,11227,165,585,68,
787,3284,340501,103,762,36,1,70,70,70,2.777778,8559,122,444,70,37,0,0,0,0,0.0,15451,227,684,68,
788,3422,393416,114,556,36,5,506,160,101,13.888889,6848,96,452,71,37,0,0,0,0,0.0,15334,222,747,69,
789,3348,366075,109,619,35,3,220,100,73,8.571429,7390,108,475,68,37,0,0,0,0,0.0,15542,228,617,68,
790,3447,379588,110,527,36,2,169,95,84,5.555556,6497,90,419,72,37,0,0,0,0,0.0,14046,200,724,70,
791,3333,377103,113,634,36,6,730,195,121,16.666668,8373,116,433,72,37,0,0,0,0,0.0,13932,204,666,68,
792,3449,361541,104,403,36,1,79,79,79,2.777778,8988,123,434,73,37,0,0,0,0,0.0,17094,251,727,68,
793,3447,362918,105,475,36,0,0,0,0,0.0,6345,89,362,71,37,0,0,0,0,0.0,15526,228,717,68,
794,3296,353315,107,536,36,4,440,160,110,11.111112,9080,127,554,71,37,0,0,0,0,0.0,16347,236,806,69,
795,3492,374764,107,539,36,4,385,147,96,11.111112,6645,91,455,73,37,0,0,0,0,0.0,15242,224,623,68,
796,3312,369986,111,594,36,5,521,160,104,13.888889,6559,92,468,71,37,0,0,0,0,0.0,15536,228,699,68,
797,3399,358261,105,640,36,2,131,67,65,5.555556,5251,72,324,72,37,0,0,0,0,0.0,14355,208,665,69,
798,3405,349075,102,506,36,0,0,0,0,0.0,9123,128,442,71,37,0,0,0,0,0.0,16002,235,707,68,
799,3410,355377,104,541,36,0,0,0,0,0.0,7621,108,509,70,37,0,0,0,0,0.0,16523,239,631,69,
800,3444,387840,112,814,36,12,2176,318,181,33.333336,8945,124,625,72,36,0,0,0,0,0.0,11705,169,626,69,
801,3362,384282,114,537,36,6,862,217,143,16.666668,9265,130,435,71,37,0,0,0,0,0.0,14820,214,647,69,
802,3376,397597,117,614,36,14,3064,376,218,38.88889,9297,130,619,71,37,0,0,0,0,0.0,14109,204,737,69,
803,3391,359756,106,422,36,1,62,62,62,2.777778,7148,102,438,70,37,0,0,0,0,0.0,16055,232,689,69,
804,3445,351807,102,567,36,0,0,0,0,0.0,8589,120,430,71,37,0,0,0,0,0.0,16270,235,674,69,
805,3319,350216,105,554,36,0,0,0,0,0.0,6487,91,457,71,37,0,0,0,0,0.0,13369,190,651,70,
806,3407,336494,98,480,36,0,0,0,0,0.0,7669,109,419,70,37,0,0,0,0,0.0,16222,235,634,69,
807,3324,347392,104,562,36,0,0,0,0,0.0,7197,102,438,70,37,0,0,0,0,0.0,16798,247,718,68,
808,3384,350546,103,501,36,0,0,0,0,0.0,6036,86,378,70,37,0,0,0,0,0.0,15954,234,695,68,
809,3348,360381,107,421,36,2,206,123,103,5.555556,8189,113,486,72,37,0,0,0,0,0.0,16027,235,755,68,
810,3348,343423,102,477,36,0,0,0,0,0.0,8314,115,454,72,37,0,0,0,0,0.0,14416,212,672,68,
811,3348,346256,103,586,36,0,0,0,0,0.0,7972,110,456,72,37,0,0,0,0,0.0,14000,205,683,68,
812,3427,360734,105,452,36,0,0,0,0,0.0,9044,125,495,72,37,0,0,0,0,0.0,15260,218,697,70,
813,3347,356283,106,462,36,8,995,200,124,22.222223,8469,117,478,72,37,0,0,0,0,0.0,15269,224,700,68,
814,3436,388985,113,508,36,2,208,124,104,5.555556,7988,109,437,73,37,0,0,0,0,0.0,13280,195,664,68,
815,3265,340424,104,582,36,0,0,0,0,0.0,7197,101,418,71,37,0,0,0,0,0.0,16905,245,768,69,
816,3379,363463,107,464,36,1,93,93,93,2.777778,6937,96,367,72,37,0,0,0,0,0.0,14345,210,676,68,
817,3495,358637,102,359,36,0,0,0,0,0.0,9689,136,465,71,37,0,0,0,0,0.0,15280,224,681,68,
818,3485,380442,109,632,36,2,189,97,94,5.555556,5890,82,381,71,37,0,0,0,0,0.0,12634,185,629,68,
819,3245,334468,103,459,36,3,220,100,73,8.333334,6514,93,389,70,37,0,0,0,0,0.0,16682,245,742,68,
820,3334,344431,103,474,36,1,61,61,61,2.777778,7471,103,431,72,37,0,0,0,0,0.0,15787,232,638,68,
821,3380,351724,104,399,36,0,0,0,0,0.0,7694,108,439,71,37,0,0,0,0,0.0,15597,226,723,69,
822,3346,355096,106,640,36,1,74,74,74,2.777778,8657,121,448,71,37,0,0,0,0,0.0,13941,202,722,69,
823,3436,350605,102,446,36,0,0,0,0,0.0,6538,93,433,70,37,0,0,0,0,0.0,16250,232,728,70,
824,3339,339244,101,495,36,0,0,0,0,0.0,6502,91,488,71,37,0,0,0,0,0.0,17208,249,650,69,
825,3488,394429,113,515,37,6,710,175,118,16.216215,8517,118,497,72,37,0,0,0,0,0.0,14795,214,640,69,
826,3332,346987,104,427,36,1,94,94,94,2.777778,7833,110,379,71,37,0,0,0,0,0.0,13620,200,692,68,
827,3379,351412,103,431,36,0,0,0,0,0.0,7239,101,431,71,37,0,0,0,0,0.0,16985,246,774,69,
828,3429,352799,102,458,37,8,1192,244,149,21.621622,6736,94,474,71,37,0,0,0,0,0.0,13505,192,661,70,
829,3397,356342,104,642,36,1,66,66,66,2.777778,7075,99,416,71,37,0,0,0,0,0.0,13485,192,692,70,
830,3383,376999,111,532,37,6,786,213,131,16.216215,7935,115,434,69,37,0,0,0,0,0.0,15387,226,743,68,
831,3346,353532,105,561,36,4,440,160,110,11.111112,7834,110,414,71,37,0,0,0,0,0.0,14883,215,647,69,
832,3338,342898,102,407,36,1,80,80,80,2.777778,7203,101,441,71,37,0,0,0,0,0.0,15080,221,792,68,
833,3396,354392,104,507,36,0,0,0,0,0.0,7181,102,501,70,37,0,0,0,0,0.0,14549,217,703,67,
834,3468,364848,105,492,36,0,0,0,0,0.0,7688,108,483,71,37,0,0,0,0,0.0,16045,235,667,68,
835,3285,375033,114,607,36,5,540,164,108,13.888889,6204,86,374,72,37,0,0,0,0,0.0,14939,219,649,68,
836,3360,346828,103,418,36,0,0,0,0,0.0,6086,85,412,71,37,0,0,0,0,0.0,16069,239,765,67,
837,3392,353236,104,603,36,0,0,0,0,0.0,5927,84,412,70,37,0,0,0,0,0.0,16733,242,651,69,
838,3378,341446,101,417,36,0,0,0,0,0.0,8072,112,436,72,37,0,0,0,0,0.0,15080,218,633,69,
839,3360,346188,103,467,36,0,0,0,0,0.0,8165,115,440,71,37,0,0,0,0,0.0,14741,220,705,67,
840,3336,340413,102,480,36,0,0,0,0,0.0,6906,97,467,71,37,0,0,0,0,0.0,16436,241,689,68,
841,3343,350013,104,655,36,0,0,0,0,0.0,7205,101,410,71,37,0,0,0,0,0.0,15840,232,690,68,
842,3341,361146,108,588,36,6,1146,271,191,16.666668,8087,115,504,70,37,0,0,0,0,0.0,15069,218,706,69,
843,3354,341258,101,552,36,0,0,0,0,0.0,8703,122,401,71,37,0,0,0,0,0.0,16135,237,720,68,
844,3379,345768,102,470,36,0,0,0,0,0.0,8530,120,512,71,37,0,0,0,0,0.0,14977,220,730,68,
845,3551,369088,103,615,36,0,0,0,0,0.0,6756,93,363,72,37,0,0,0,0,0.0,14077,207,599,68,
846,3520,356652,101,454,36,0,0,0,0,0.0,6965,98,378,71,37,0,0,0,0,0.0,13926,204,656,68,
847,3399,397822,117,502,36,10,1202,179,120,27.777779,7539,104,450,72,37,0,0,0,0,0.0,13660,197,642,69,
848,3357,348518,103,560,36,0,0,0,0,0.0,7718,107,381,72,37,0,0,0,0,0.0,15061,218,685,69,
849,3450,358559,103,444,36,0,0,0,0,0.0,7138,100,398,71,37,0,0,0,0,0.0,15501,224,781,69,
850,3351,354091,105,452,36,1,63,63,63,2.777778,8004,111,476,72,37,0,0,0,0,0.0,16574,243,675,68,
851,3468,361131,104,687,37,10,1450,261,145,27.027025,9450,127,451,74,37,0,0,0,0,0.0,12452,183,746,68,
852,3364,373176,110,463,36,2,208,124,104,5.555556,6860,99,454,69,37,0,0,0,0,0.0,14783,214,603,69,
853,3247,359911,110,507,36,2,212,126,106,5.555556,8227,115,469,71,37,0,0,0,0,0.0,13934,204,700,68,
854,3338,351437,105,510,36,0,0,0,0,0.0,6261,89,390,70,37,0,0,0,0,0.0,16523,239,662,69,
855,3413,345674,101,485,36,0,0,0,0,0.0,7596,108,434,70,37,0,0,0,0,0.0,14964,216,631,69,
856,3280,343008,104,579,36,0,0,0,0,0.0,5029,71,359,70,37,0,0,0,0,0.0,13373,196,642,68,
857,3380,357841,105,756,36,8,828,182,103,22.222223,7356,105,465,70,37,0,0,0,0,0.0,14441,209,678,69,
858,3285,393734,119,990,36,21,5075,467,241,58.333332,11897,169,673,70,37,0,0,0,0,0.0,10503,154,641,68,
859,3376,345432,102,462,36,0,0,0,0,0.0,7222,101,402,71,37,0,0,0,0,0.0,15703,230,685,68,
860,3407,344994,101,569,36,0,0,0,0,0.0,8208,114,419,72,37,0,0,0,0,0.0,16685,241,744,69,
861,3460,364248,105,538,36,0,0,0,0,0.0,8712,122,426,71,37,0,0,0,0,0.0,15691,230,666,68,
862,3406,372319,109,542,36,6,876,226,146,16.666668,6327,90,442,70,37,0,0,0,0,0.0,13709,201,737,68,
863,3453,357229,103,510,36,0,0,0,0,0.0,7504,105,432,71,37,0,0,0,0,0.0,14554,210,599,69,
864,3398,348051,102,522,36,0,0,0,0,0.0,6752,93,394,72,37,0,0,0,0,0.0,15612,229,735,68,
865,3393,352291,103,523,36,0,0,0,0,0.0,8029,114,439,70,37,0,0,0,0,0.0,14968,220,677,68,
866,3420,396449,115,693,35,4,440,160,110,11.428572,6701,97,372,69,37,0,0,0,0,0.0,15441,227,735,68,
867,3364,345114,102,569,36,0,0,0,0,0.0,8900,125,483,71,37,0,0,0,0,0.0,14017,206,772,68,
868,3419,371924,108,635,36,1,89,89,89,2.777778,7649,107,418,71,37,0,0,0,0,0.0,15617,229,669,68,
869,3283,370753,112,451,36,7,687,160,98,19.444445,7920,111,460,71,37,0,0,0,0,0.0,15670,227,698,69,
870,3438,418606,121,608,36,14,1912,236,136,38.88889,9374,133,530,70,37,0,0,0,0,0.0,13803,202,600,68,
871,3411,368586,108,641,36,2,170,105,85,5.555556,8436,118,421,71,37,0,0,0,0,0.0,15461,224,666,69,
872,3375,349916,103,580,36,0,0,0,0,0.0,7000,97,450,72,37,0,0,0,0,0.0,15341,222,709,69,
873,3276,336654,102,468,36,0,0,0,0,0.0,8045,111,406,72,37,0,0,0,0,0.0,16484,242,741,68,
874,3352,339163,101,441,36,0,0,0,0,0.0,7721,108,372,71,37,0,0,0,0,0.0,16324,240,712,68,
875,3346,346594,103,633,36,0,0,0,0,0.0,7609,105,396,72,37,0,0,0,0,0.0,13112,190,607,69,
876,3388,361302,106,600,36,3,230,88,76,8.333334,6458,90,470,71,37,0,0,0,0,0.0,18565,269,698,69,
877,3378,340421,100,409,36,0,0,0,0,0.0,8357,117,496,71,37,0,0,0,0,0.0,15322,228,626,67,
878,3391,354813,104,605,36,0,0,0,0,0.0,6581,92,441,71,37,0,0,0,0,0.0,15943,231,702,69,
879,3287,334678,101,414,36,0,0,0,0,0.0,7730,107,485,72,37,0,0,0,0,0.0,16563,243,738,68,
880,3382,380892,112,674,36,9,1141,184,126,25.0,6753,95,465,71,37,0,0,0,0,0.0,14760,217,667,68,
881,3417,354005,103,545,36,0,0,0,0,0.0,8951,124,491,72,37,0,0,0,0,0.0,17743,257,709,69,
882,3437,351324,102,418,36,0,0,0,0,0.0,6790,97,379,70,37,0,0,0,0,0.0,14930,216,669,69,
883,3365,341029,101,542,36,0,0,0,0,0.0,7718,108,411,71,37,0,0,0,0,0.0,15097,218,708,69,
884,3512,373668,106,639,36,2,236,138,118,5.555556,6709,93,376,72,37,2,125,64,62,5.4054055,12492,181,704,69,
885,3313,378168,114,555,37,20,2846,259,142,54.05405,8661,120,639,72,37,3,298,126,99,8.108108,10266,146,563,70,
886,3400,353847,104,636,36,0,0,0,0,0.0,7291,102,400,71,37,0,0,0,0,0.0,15370,222,749,69,
887,3372,348122,103,521,36,0,0,0,0,0.0,6966,98,475,71,37,0,0,0,0,0.0,15393,223,636,69,
888,3470,358880,103,505,36,0,0,0,0,0.0,7814,108,469,72,37,0,0,0,0,0.0,17845,262,718,68,
889,3339,340883,102,661,36,2,170,105,85,5.555556,8179,113,440,72,37,0,0,0,0,0.0,16334,236,678,69,
890,3336,341944,102,630,36,0,0,0,0,0.0,6967,99,389,70,37,0,0,0,0,0.0,16789,246,707,68,
891,3356,376714,112,726,36,9,1463,251,162,25.0,8173,115,531,71,37,0,0,0,0,0.0,13968,205,644,68,
892,3390,347395,102,466,36,0,0,0,0,0.0,8218,114,448,72,37,0,0,0,0,0.0,17265,253,701,68,
893,3474,354824,102,461,36,0,0,0,0,0.0,7168,99,413,72,37,0,0,0,0,0.0,14284,210,677,68,
894,3333,387542,116,549,36,10,1620,278,162,27.777779,8668,120,577,72,37,0,0,0,0,0.0,14460,209,679,69,
895,3369,352627,104,476,36,2,134,69,67,5.555556,6848,95,492,72,37,0,0,0,0,0.0,15192,220,670,69,
896,3388,344346,101,520,36,0,0,0,0,0.0,8342,117,412,71,37,0,0,0,0,0.0,15860,226,741,70,
897,3293,338343,102,501,36,0,0,0,0,0.0,6294,89,424,70,37,0,0,0,0,0.0,16782,246,697,68,
898,3367,351957,104,442,36,2,208,124,104,5.555556,8037,111,472,72,37,0,0,0,0,0.0,17048,250,695,68,
899,3413,347278,101,614,36,0,0,0,0,0.0,8713,124,456,70,37,0,0,0,0,0.0,13414,197,670,68,
900,3454,383428,111,585,36,6,694,189,115,16.666668,8810,122,468,72,37,0,0,0,0,0.0,14749,216,653,68,
901,3320,341861,102,503,36,0,0,0,0,0.0,7749,109,466,71,37,0,0,0,0,0.0,16135,240,676,67,
902,3299,353364,107,519,36,1,64,64,64,2.777778,7041,99,354,71,37,0,0,0,0,0.0,14632,215,772,68,
903,3486,353426,101,480,36,0,0,0,0,0.0,7132,100,403,71,37,0,0,0,0,0.0,16311,236,661,69,
904,3405,348577,102,475,36,0,0,0,0,0.0,5526,78,375,70,37,0,0,0,0,0.0,15219,223,648,68,
905,3207,334572,104,497,36,0,0,0,0,0.0,6715,95,357,70,37,0,0,0,0,0.0,17293,258,707,67,
906,3342,341243,102,469,36,0,0,0,0,0.0,8751,125,422,70,37,0,0,0,0,0.0,14862,218,716,68,
907,3375,368017,109,583,36,2,166,93,83,5.555556,7389,105,524,70,37,0,0,0,0,0.0,14710,213,671,69,
908,3466,355298,102,773,36,0,0,0,0,0.0,7740,109,467,71,37,0,0,0,0,0.0,16369,237,730,69,
909,3373,383884,113,491,36,4,440,160,110,11.111112,7616,107,567,71,37,0,0,0,0,0.0,16080,236,741,68,
910,3373,365513,108,525,36,4,392,132,98,11.111112,5771,80,451,72,37,0,0,0,0,0.0,15773,228,644,69,
911,3226,395182,122,698,36,14,1872,244,133,38.88889,5921,84,408,70,37,0,0,0,0,0.0,13406,197,605,68,
912,3322,339311,102,538,36,0,0,0,0,0.0,7249,102,416,71,37,0,0,0,0,0.0,16675,238,679,70,
913,3405,351955,103,484,36,0,0,0,0,0.0,7602,107,410,71,37,0,0,0,0,0.0,14538,213,802,68,
914,3336,382448,114,602,35,2,548,314,274,5.714286,7397,108,393,68,37,4,440,160,110,10.810811,16058,232,744,69,
915,3406,353705,103,440,36,0,0,0,0,0.0,4583,64,350,71,37,0,0,0,0,0.0,14240,212,687,67,
916,3385,361986,106,684,36,1,83,83,83,2.777778,6178,87,431,71,37,0,0,0,0,0.0,15018,224,700,67,
917,3412,352624,103,558,36,0,0,0,0,0.0,7745,110,501,70,37,0,0,0,0,0.0,15488,227,692,68,
918,3329,341782,102,538,36,1,80,80,80,2.777778,7059,99,483,71,37,0,0,0,0,0.0,15467,227,642,68,
919,3282,337452,102,532,36,0,0,0,0,0.0,8704,122,441,71,37,0,0,0,0,0.0,15177,219,800,69,
920,3348,419902,125,782,36,14,2966,369,211,38.88889,11405,162,658,70,37,0,0,0,0,0.0,14434,209,671,69,
921,3394,352377,103,561,36,1,72,72,72,2.777778,7416,105,493,70,37,0,0,0,0,0.0,15166,223,684,68,
922,3417,350659,102,555,36,0,0,0,0,0.0,8163,114,504,71,37,0,0,0,0,0.0,16064,232,699,69,
923,3315,351566,106,572,36,1,65,65,65,2.777778,6842,97,398,70,37,0,0,0,0,0.0,15558,225,685,69,
924,3384,346008,102,475,36,0,0,0,0,0.0,7383,103,464,71,37,0,0,0,0,0.0,16578,240,671,69,
925,3486,354172,101,472,36,0,0,0,0,0.0,7768,107,488,72,37,0,0,0,0,0.0,16976,249,720,68,
926,3461,383138,110,723,36,8,1016,222,127,22.222223,8194,115,471,71,37,0,0,0,0,0.0,15053,218,690,69,
927,3311,349328,105,528,36,0,0,0,0,0.0,7645,107,378,71,37,0,0,0,0,0.0,15605,229,772,68,
928,3295,337377,102,488,36,1,70,70,70,2.777778,7463,103,400,72,37,0,0,0,0,0.0,15315,225,770,68,
929,3401,365597,107,475,36,5,576,174,115,13.888889,9490,131,523,72,37,0,0,0,0,0.0,13375,199,721,67,
930,3255,348836,107,598,36,1,67,67,67,2.777778,7061,99,428,71,37,0,0,0,0,0.0,16239,235,713,69,
931,3272,348273,106,534,36,4,440,160,110,11.111112,8300,116,437,71,37,0,0,0,0,0.0,16178,237,746,68,
932,3264,362028,110,557,36,6,614,160,102,16.666668,8089,113,439,71,37,0,0,0,0,0.0,14724,210,657,70,
933,3397,350212,103,477,36,0,0,0,0,0.0,7565,105,366,72,37,0,0,0,0,0.0,14554,210,627,69,
934,3272,337492,103,565,36,0,0,0,0,0.0,6648,93,417,71,37,0,0,0,0,0.0,16127,237,751,68,
935,3325,357742,107,530,36,4,440,160,110,11.111112,8714,121,483,72,37,0,0,0,0,0.0,14879,215,685,69,
936,3435,384176,111,762,35,0,0,0,0,0.0,7255,105,439,69,37,0,0,0,0,0.0,15402,223,781,69,
937,3407,353353,103,521,36,1,84,84,84,2.777778,7799,108,410,72,37,0,0,0,0,0.0,16118,237,703,68,
938,3325,355493,106,415,36,4,504,176,126,11.111112,7591,110,470,69,37,0,0,0,0,0.0,14607,214,655,68,
939,3267,383685,117,690,36,12,1932,288,161,33.333336,8863,123,554,72,37,0,0,0,0,0.0,12896,189,669,68,
940,3327,343567,103,490,36,0,0,0,0,0.0,7953,112,449,71,37,0,0,0,0,0.0,15647,230,696,68,
941,3474,356647,102,621,36,0,0,0,0,0.0,8441,118,468,71,37,0,0,0,0,0.0,15545,228,743,68,
942,3373,343775,101,529,36,0,0,0,0,0.0,8855,124,570,71,37,0,0,0,0,0.0,15397,223,684,69,
943,3295,334923,101,450,36,0,0,0,0,0.0,8313,117,423,71,37,0,0,0,0,0.0,15850,233,673,68,
944,3369,347226,103,521,36,0,0,0,0,0.0,7854,112,457,70,37,0,0,0,0,0.0,15619,226,652,69,
945,3403,356359,104,530,36,0,0,0,0,0.0,6514,91,409,71,37,0,0,0,0,0.0,14517,213,630,68,
946,3489,363818,104,628,36,0,0,0,0,0.0,7563,105,436,72,37,0,0,0,0,0.0,14529,213,685,68,
947,3346,342879,102,490,36,0,0,0,0,0.0,8186,116,497,70,37,0,0,0,0,0.0,15981,231,701,69,
948,3304,340763,103,510,36,0,0,0,0,0.0,8172,116,427,70,37,0,0,0,0,0.0,13951,202,579,69,
949,3493,361179,103,513,36,3,378,166,126,8.333334,8135,112,503,72,37,0,0,0,0,0.0,13685,198,666,69,
950,3345,376670,112,554,36,2,346,213,173,5.555556,8039,114,439,70,37,0,0,0,0,0.0,15394,223,695,69,
951,3383,346629,102,568,36,0,0,0,0,0.0,6737,94,410,71,37,0,0,0,0,0.0,15793,228,667,69,
952,3460,365669,105,535,36,2,127,66,63,5.555556,8217,115,479,71,37,0,0,0,0,0.0,14187,208,661,68,
953,3232,329733,102,451,36,0,0,0,0,0.0,7506,107,418,70,37,0,0,0,0,0.0,16861,244,715,69,
954,3437,352871,102,627,36,0,0,0,0,0.0,7292,104,427,70,37,0,0,0,0,0.0,14734,219,682,67,
955,3278,347165,105,613,36,1,60,60,60,2.777778,6082,86,462,70,37,0,0,0,0,0.0,17286,250,733,69,
956,3378,346921,102,486,36,0,0,0,0,0.0,8050,111,446,72,37,0,0,0,0,0.0,15363,225,777,68,
957,3520,373142,106,547,36,8,1032,224,129,22.222223,6737,92,401,73,37,0,0,0,0,0.0,14796,217,673,68,
958,3228,336671,104,730,36,0,0,0,0,0.0,7624,110,452,69,37,0,0,0,0,0.0,14556,214,643,68,
959,3487,368598,105,436,36,1,72,72,72,2.777778,7112,100,450,71,37,0,0,0,0,0.0,15644,226,622,69,
960,3340,381798,114,553,36,6,662,160,110,16.666668,7187,101,482,71,37,0,0,0,0,0.0,15201,217,731,70,
961,3423,349173,102,497,36,0,0,0,0,0.0,8025,113,428,71,37,0,0,0,0,0.0,16464,242,766,68,
962,3411,395954,116,756,36,8,1296,257,162,22.222223,8693,124,574,70,37,4,440,160,110,10.810811,14977,217,733,69,
963,3355,349647,104,539,36,3,284,120,94,8.333334,8342,114,457,73,37,0,0,0,0,0.0,15763,231,655,68,
964,3380,350116,103,600,37,8,1288,256,161,21.621622,9348,128,583,73,37,0,0,0,0,0.0,14595,211,748,69,
965,3246,335539,103,582,36,0,0,0,0,0.0,6240,90,396,69,37,0,0,0,0,0.0,15610,226,687,69,
966,3429,367627,107,538,36,1,73,73,73,2.777778,6596,94,451,70,37,0,0,0,0,0.0,14528,213,578,68,
967,3360,346435,103,495,36,0,0,0,0,0.0,7516,105,386,71,37,0,0,0,0,0.0,14377,208,724,69,
968,3275,340094,103,513,36,0,0,0,0,0.0,8294,116,385,71,37,0,0,0,0,0.0,14794,214,642,69,
969,3347,351480,105,652,36,2,204,122,102,5.555556,8877,123,543,72,37,0,0,0,0,0.0,16418,237,714,69,
970,3299,338057,102,530,36,0,0,0,0,0.0,7743,109,421,71,37,0,0,0,0,0.0,15550,228,714,68,
971,3404,373897,109,518,36,1,92,92,92,2.777778,5764,81,361,71,37,0,0,0,0,0.0,16047,232,709,69,
972,3261,358087,109,498,36,4,440,160,110,11.111112,6336,90,436,70,37,0,0,0,0,0.0,16641,244,722,68,
973,3367,358113,106,399,36,4,440,160,110,11.111112,7080,99,497,71,37,0,0,0,0,0.0,16070,236,677,68,
974,3380,344198,101,465,36,0,0,0,0,0.0,8189,115,470,71,37,0,0,0,0,0.0,15327,222,672,69,
975,3387,342074,100,486,36,0,0,0,0,0.0,6572,93,431,70,37,0,0,0,0,0.0,15966,234,716,68,
976,3340,382384,114,444,36,4,440,160,110,11.111112,8242,116,456,71,37,0,0,0,0,0.0,16133,237,644,68,
977,3309,343216,103,492,36,0,0,0,0,0.0,8337,115,478,72,37,0,0,0,0,0.0,15584,229,668,68,
978,3231,347181,107,467,36,4,443,160,110,11.111112,6851,96,417,71,37,0,0,0,0,0.0,16675,245,683,68,
979,3350,419606,125,859,37,16,2490,290,155,43.243244,8324,118,501,70,37,0,0,0,0,0.0,11434,163,634,70,
980,3299,338433,102,480,36,0,0,0,0,0.0,7941,113,430,70,37,0,0,0,0,0.0,13087,186,632,70,
981,3373,339798,100,498,38,15,2819,353,187,39.473686,9207,126,608,73,37,1,93,93,93,2.7027028,12676,186,662,68,
982,3367,348597,103,505,36,0,0,0,0,0.0,8274,114,399,72,37,0,0,0,0,0.0,14503,213,741,68,
983,3406,350757,102,495,36,1,68,68,68,2.777778,8101,115,438,70,37,0,0,0,0,0.0,16739,246,720,68,
984,3409,353953,103,482,36,4,440,160,110,11.111112,8091,112,534,72,37,0,0,0,0,0.0,14216,206,634,69,
985,3279,354222,108,509,36,1,72,72,72,2.777778,6299,88,337,71,37,0,0,0,0,0.0,15089,221,639,68,
986,3303,360001,108,467,36,7,889,184,127,19.444445,8228,115,449,71,37,0,0,0,0,0.0,15713,224,671,70,
987,3395,391224,115,667,36,5,528,160,105,13.888889,6936,99,441,70,37,0,0,0,0,0.0,14564,214,781,68,
988,3424,363207,106,475,36,0,0,0,0,0.0,7608,107,459,71,37,0,0,0,0,0.0,14527,213,735,68,
989,3336,341926,102,495,36,0,0,0,0,0.0,7346,103,412,71,37,0,0,0,0,0.0,16525,232,697,71,
990,3329,339991,102,515,36,0,0,0,0,0.0,7870,110,387,71,37,0,0,0,0,0.0,14308,210,600,68,
991,3450,355126,102,488,36,0,0,0,0,0.0,6361,88,510,72,37,0,0,0,0,0.0,16246,238,708,68,
992,3537,359054,101,549,36,0,0,0,0,0.0,8420,118,463,71,37,0,0,0,0,0.0,15148,219,643,69,
993,3517,359023,102,456,36,0,0,0,0,0.0,8002,114,468,70,37,0,0,0,0,0.0,17218,249,672,69,
994,3337,347272,104,581,36,0,0,0,0,0.0,7910,109,402,72,37,0,0,0,0,0.0,13220,194,665,68,
995,3367,373481,110,560,36,8,1000,220,125,22.222223,8091,113,495,71,37,0,0,0,0,0.0,13739,199,660,69,
996,3383,368556,108,696,36,4,440,160,110,11.111112,8949,124,433,72,37,0,0,0,0,0.0,15081,218,647,69,
997,3197,352831,110,594,36,5,521,161,104,13.888889,8235,115,488,71,37,0,0,0,0,0.0,15304,225,608,68,
998,3296,348351,105,659,36,0,0,0,0,0.0,7194,102,405,70,37,0,0,0,0,0.0,16916,248,652,68,
999,3311,344516,104,627,36,0,0,0,0,0.0,7318,101,392,72,37,0,0,0,0,0.0,14361,211,697,68,
1000,3447,355651,103,479,36,0,0,0,0,0.0,7269,100,348,72,37,0,0,0,0,0.0,15256,224,645,68,
